Time,DayOfWeek,TrafficDensity,AccidentHistory,IsHotspot
3,5,99,19,1
17,4,70,15,1
7,7,56,4,0
20,3,94,17,1
3,3,93,20,0
1,6,17,20,1
17,6,47,13,0
20,1,30,16,1
5,7,88,7,0
21,5,6,11,1
14,5,83,1,1
2,6,34,8,1
12,7,1,11,0
6,1,34,14,1
16,4,53,9,0
6,6,65,9,1
8,5,13,10,1
6,4,90,16,0
23,3,93,5,1
12,1,78,6,1
11,6,16,14,0
1,2,2,3,1
18,2,90,14,1
22,6,60,3,0
21,5,5,17,1
16,2,84,18,0
0,3,21,13,0
6,3,63,2,0
3,5,36,4,1
4,3,97,8,0
15,2,21,20,0
8,6,57,19,1
9,7,59,19,0
1,5,76,0,0
15,1,88,16,1
7,5,64,11,0
2,1,29,13,1
19,1,64,10,1
10,1,37,17,1
1,2,4,0,0
5,5,24,14,0
6,4,21,17,0
9,1,9,16,0
3,3,57,4,1
15,4,59,16,0
19,5,2,12,1
0,5,72,2,1
10,7,90,13,0
5,5,79,18,1
15,2,56,13,1
6,7,18,18,1
13,5,87,17,1
1,2,76,8,0
15,1,50,0,1
13,5,90,20,0
22,3,8,15,0
0,5,29,1,0
10,5,34,16,1
6,1,66,12,1
14,5,66,9,1
14,3,77,0,0
21,7,11,12,0
11,4,68,13,1
6,6,42,6,1
15,6,28,16,0
18,3,63,6,0
23,4,27,12,0
15,1,33,0,0
16,3,49,16,0
23,3,48,11,0
19,6,85,9,1
22,6,49,9,1
9,3,62,1,0
18,7,80,4,0
23,7,86,20,1
22,3,48,9,1
12,3,4,9,1
9,1,68,5,0
4,5,50,9,0
6,2,24,18,1
7,1,52,4,0
20,5,71,19,1
12,7,72,5,1
4,3,28,8,1
23,1,11,6,1
23,2,72,14,1
18,1,75,13,0
20,4,26,16,1
15,4,95,18,0
18,6,43,17,0
11,2,23,3,1
3,7,68,12,1
11,6,10,4,0
18,7,51,7,1
19,1,28,19,0
5,4,22,4,1
2,4,84,4,1
19,4,79,13,0
12,5,90,6,0
14,3,55,1,0
3,4,84,11,0
0,1,45,18,0
20,2,29,14,0
9,5,6,11,1
21,1,69,5,0
19,2,87,0,1
12,3,87,6,0
22,4,84,15,1
8,6,28,9,1
20,4,7,10,0
22,2,82,8,0
19,1,55,19,1
17,3,74,2,0
22,6,33,10,0
21,7,84,20,0
17,4,93,3,1
12,7,69,16,0
11,6,64,13,0
5,1,16,13,1
16,7,12,18,0
15,3,39,2,0
6,6,71,18,1
11,3,99,0,1
5,7,100,11,1
12,3,24,12,0
1,2,46,20,0
2,6,52,6,1
14,4,50,5,0
9,5,15,19,0
17,5,8,13,1
6,4,7,6,0
16,5,100,11,0
5,4,29,14,0
14,3,28,2,1
21,4,34,18,0
15,1,41,19,1
17,6,46,3,1
6,1,81,1,1
19,6,39,1,0
23,5,45,11,1
1,6,68,14,1
13,5,92,16,1
2,5,7,8,0
15,1,2,15,0
13,1,73,18,1
12,1,46,4,0
5,5,83,12,0
17,5,58,4,1
19,2,32,11,1
16,2,11,12,1
22,7,76,16,1
20,5,58,7,1
11,2,55,0,0
11,1,9,5,1
4,5,44,10,0
11,5,17,7,1
9,4,26,19,1
11,2,63,12,0
8,4,25,1,0
14,2,36,16,1
9,7,97,12,1
7,6,3,16,1
5,3,89,17,0
15,7,55,7,1
1,2,33,8,0
20,3,26,4,0
23,7,73,6,0
0,5,25,7,0
1,5,92,9,0
4,5,87,16,1
14,1,59,10,1
23,2,94,6,1
12,4,42,14,1
19,6,85,2,0
3,6,83,1,1
23,3,49,13,0
20,4,76,20,1
21,1,62,1,0
7,4,14,1,0
0,2,92,8,0
23,2,100,10,0
9,1,16,17,1
11,3,87,1,1
12,2,31,14,1
0,7,1,14,1
20,7,26,13,0
14,3,7,7,1
7,4,34,15,1
13,1,56,12,1
8,2,96,0,0
8,3,78,14,0
8,7,77,4,0
16,3,94,15,0
22,1,94,20,0
2,1,66,6,0
17,6,21,1,1
3,3,3,7,0
20,3,49,9,0
0,1,11,15,0
10,1,99,9,0
20,4,62,5,0
14,2,20,14,0
22,2,63,5,0
14,5,34,3,0
2,7,38,10,1
14,4,38,13,1
12,6,17,18,1
12,6,78,1,0
3,2,37,10,0
14,7,63,17,1
12,3,97,20,0
8,4,32,10,1
15,6,84,4,1
17,5,41,3,0
0,2,69,9,1
8,6,32,8,1
4,2,27,20,0
9,3,86,1,1
18,4,62,8,0
15,5,78,10,1
3,5,8,18,1
13,6,51,9,0
23,3,6,16,0
16,6,64,6,0
15,4,37,11,1
12,4,25,5,1
18,2,15,16,1
16,1,44,12,0
6,3,18,9,1
3,3,65,13,0
16,1,55,13,0
12,2,23,19,0
18,6,88,17,0
19,7,93,18,1
12,5,39,1,0
8,6,46,6,1
22,1,49,15,0
5,2,61,13,0
18,2,94,20,0
11,5,91,15,0
4,6,87,9,0
11,6,65,10,0
8,4,66,2,0
6,5,40,17,1
20,6,9,13,1
4,1,44,7,0
13,4,54,8,1
20,6,45,7,0
11,3,25,14,0
0,4,6,17,1
12,4,30,12,0
7,2,25,3,1
4,2,22,3,0
6,4,46,9,0
11,3,27,14,0
20,3,56,10,0
20,7,84,15,0
13,1,24,19,0
6,3,27,5,1
17,7,58,12,1
15,5,14,9,0
7,7,29,0,1
20,7,17,15,0
22,2,45,0,0
4,5,92,4,0
13,5,62,13,1
17,2,94,10,1
9,7,26,1,0
16,4,40,0,0
4,2,61,10,0
21,2,20,17,0
3,2,80,3,0
5,1,41,6,0
13,1,30,12,1
1,3,62,13,0
2,5,22,4,1
17,4,33,0,0
7,2,31,2,1
17,2,50,1,1
2,5,17,5,1
22,2,23,13,0
17,3,92,17,1
4,5,27,4,1
19,6,91,19,0
21,7,87,15,0
7,6,22,12,0
10,6,48,17,1
5,7,72,1,1
8,4,99,1,0
13,3,60,5,0
18,6,21,13,1
19,2,10,9,1
6,3,48,18,0
0,5,52,11,0
12,6,28,11,0
3,3,83,7,0
15,4,94,9,1
6,2,89,0,0
11,2,65,3,1
12,2,55,9,1
12,4,53,11,1
4,1,71,1,1
21,3,60,8,1
12,1,8,3,1
22,7,59,3,0
19,3,30,3,0
7,5,60,20,1
23,6,62,6,1
15,3,87,20,1
8,3,24,6,0
6,1,69,3,1
1,2,35,12,1
10,1,55,17,0
22,5,60,6,1
17,3,82,14,0
23,5,65,9,1
22,1,74,20,1
20,3,90,20,1
16,1,18,16,1
8,4,96,7,0
14,6,25,6,0
18,6,53,5,0
19,6,92,12,1
10,1,80,5,1
17,2,8,9,1
7,1,2,17,0
17,1,92,10,1
21,4,63,2,0
15,3,5,12,0
11,3,60,19,0
15,3,19,7,1
9,4,20,19,1
7,7,35,5,1
12,6,74,20,0
3,5,77,7,1
16,2,81,15,0
4,3,75,1,1
8,7,39,3,1
23,6,7,12,1
22,1,32,4,0
0,2,68,11,0
11,6,70,7,1
6,1,77,2,0
17,1,89,14,1
17,6,44,0,1
20,6,47,10,1
13,6,95,19,0
22,4,84,5,0
7,3,58,12,1
22,6,48,2,1
12,2,69,12,0
22,1,22,7,1
16,4,73,19,0
22,6,5,0,0
12,4,26,8,1
13,6,10,3,1
7,6,73,2,0
19,7,31,15,0
22,1,48,5,0
5,3,49,17,1
1,6,54,13,0
17,1,40,10,1
2,6,27,1,1
7,5,55,5,1
20,2,68,16,1
0,5,63,20,1
19,4,56,2,1
19,3,53,18,0
13,6,93,3,1
11,7,36,2,0
7,2,69,13,1
8,7,88,17,0
11,3,41,9,1
21,4,43,20,1
9,2,13,19,1
15,5,72,11,0
5,5,42,18,0
16,2,52,19,1
5,5,46,1,1
13,6,28,13,1
19,4,90,5,0
1,5,27,0,1
11,1,55,12,0
4,2,1,13,0
2,4,66,9,0
15,2,26,4,1
19,3,65,11,1
20,4,71,2,1
23,3,79,7,1
3,6,74,13,1
19,2,42,14,0
1,3,26,14,0
7,2,37,7,0
19,4,87,3,1
5,1,99,19,0
14,2,37,0,0
8,4,80,2,1
1,3,44,7,1
5,3,4,3,0
6,7,78,17,0
13,5,82,11,0
2,2,74,7,1
8,7,83,18,1
16,3,66,10,0
19,7,97,6,1
14,1,30,1,0
14,5,91,2,0
6,5,58,9,1
19,4,28,0,0
10,7,53,14,0
4,3,47,6,1
3,7,86,8,0
10,6,23,2,1
0,4,65,6,1
9,5,43,19,0
3,3,19,12,1
0,2,49,13,0
2,5,62,8,0
22,1,70,15,0
6,6,99,8,0
3,6,20,10,0
2,5,25,17,1
16,3,6,17,1
3,4,88,2,1
18,6,67,17,0
20,1,88,6,1
11,2,58,7,1
20,4,35,16,0
5,3,7,13,1
17,3,73,3,0
20,5,69,10,0
6,5,46,16,0
12,1,32,13,1
10,1,66,6,1
12,6,32,4,0
17,2,14,10,0
22,4,38,4,0
11,2,86,11,1
14,3,38,2,0
5,3,58,20,1
13,4,32,11,1
12,5,42,7,1
7,5,80,13,1
20,5,87,11,0
17,3,58,0,1
1,6,21,10,0
6,2,25,4,1
5,3,31,2,1
7,3,51,11,0
22,5,92,15,0
10,4,72,8,1
18,2,32,17,1
16,1,1,18,1
13,6,66,3,1
23,5,32,11,1
10,6,9,10,0
0,3,65,9,1
16,2,17,9,1
9,5,16,11,1
14,3,39,2,0
1,7,88,6,0
7,2,67,7,0
19,7,27,0,0
6,2,45,7,0
10,1,16,15,0
9,3,52,1,0
1,1,24,3,0
8,7,67,20,0
8,7,37,2,1
12,5,7,6,0
2,4,73,2,0
3,1,71,8,1
18,5,73,6,1
7,1,83,1,0
22,1,7,13,1
13,6,41,6,1
0,6,74,13,0
0,7,68,10,0
11,3,37,18,1
2,4,48,16,1
8,7,4,9,0
1,4,22,13,0
8,4,83,3,0
16,5,67,5,0
5,2,77,10,0
22,2,56,14,0
22,6,42,10,0
21,2,61,2,1
17,6,32,9,0
8,5,71,8,0
11,7,38,2,0
7,4,57,0,0
20,6,26,12,1
17,4,23,2,1
9,3,65,6,1
12,1,77,9,1
12,2,72,19,0
1,5,60,0,0
22,1,100,13,1
3,3,1,2,1
22,2,38,14,1
3,7,50,11,1
0,3,25,6,0
22,2,50,13,1
22,4,34,9,0
14,7,79,10,0
9,5,20,16,1
15,3,72,0,0
19,7,21,11,1
9,1,5,4,0
2,4,8,14,1
14,2,31,9,0
10,1,34,19,1
6,1,23,9,1
17,1,90,8,0
11,2,23,3,1
16,2,66,8,1
17,7,12,5,0
3,7,27,18,1
21,5,74,13,0
16,7,91,10,0
9,3,77,20,0
6,4,85,19,0
14,2,12,6,1
21,5,56,19,0
11,1,32,18,0
18,4,64,10,0
17,6,66,1,1
15,2,48,2,0
19,3,55,6,1
17,3,44,16,1
5,4,55,4,0
3,5,25,2,0
13,1,35,14,1
11,2,80,20,0
16,3,64,5,1
19,5,25,4,0
5,1,95,20,0
21,7,92,17,0
10,7,89,7,0
19,7,19,1,1
3,3,84,11,1
13,5,45,7,1
19,3,44,6,1
9,5,93,18,0
18,4,87,3,0
15,3,70,14,0
15,5,52,20,1
9,1,31,20,0
18,6,7,5,0
3,7,12,11,1
8,3,37,8,0
10,6,65,17,1
0,3,25,3,1
0,1,78,4,1
19,4,73,17,0
12,3,68,9,0
12,7,6,0,1
2,4,38,4,0
18,1,79,6,1
15,2,55,15,0
19,3,27,5,0
5,3,88,19,0
1,4,54,17,1
23,4,47,18,0
8,2,51,17,1
14,1,29,8,1
19,3,59,4,1
7,2,95,7,1
11,6,78,3,0
21,2,21,5,1
10,3,73,17,0
10,5,70,4,0
15,2,50,8,1
18,6,39,13,0
2,7,31,7,0
9,7,47,20,0
13,7,61,0,1
3,5,46,19,0
1,3,95,3,0
12,1,93,14,1
12,3,87,12,0
19,1,37,15,0
23,2,29,12,0
10,6,21,17,1
4,2,3,0,0
7,2,46,0,0
22,3,8,14,1
7,4,74,14,1
15,7,71,18,0
9,4,26,12,0
15,4,37,4,1
9,5,70,20,0
17,5,100,14,1
0,4,24,14,1
10,1,69,5,1
10,1,8,9,1
9,2,31,12,1
20,3,2,13,0
9,3,56,12,0
10,2,77,7,0
18,6,33,19,0
7,6,45,8,0
12,4,30,10,0
0,3,27,9,0
16,5,66,9,1
11,4,58,20,0
1,7,9,2,0
11,6,38,12,0
2,4,47,17,0
8,3,54,3,0
18,7,42,2,1
16,5,52,16,0
0,7,16,1,1
7,4,28,15,0
22,7,96,17,1
18,4,22,12,0
8,5,91,14,1
13,7,16,2,1
17,1,32,1,0
0,2,26,19,1
1,2,25,1,0
1,5,3,1,0
13,2,80,8,0
18,3,13,13,1
4,2,26,0,1
14,5,15,15,1
7,1,93,8,0
19,6,11,20,1
3,3,80,13,0
8,7,10,2,0
8,3,70,19,0
9,5,76,3,1
16,6,13,19,1
11,7,27,6,1
3,5,77,1,0
20,3,7,11,0
10,3,78,17,1
16,5,34,3,0
10,4,69,10,1
14,3,42,5,1
3,7,6,5,1
4,5,29,7,1
0,2,71,19,0
5,1,99,2,0
0,6,43,2,0
16,2,64,4,0
10,1,7,1,1
17,1,1,19,1
14,3,78,19,1
8,5,66,6,1
19,2,92,16,1
7,6,27,15,0
10,1,83,12,1
8,4,9,13,1
15,6,18,7,1
23,6,30,7,0
23,3,42,0,0
11,7,86,5,0
5,7,26,1,1
0,2,95,16,0
6,4,8,17,0
14,5,6,17,0
20,2,66,6,0
9,6,2,11,1
12,7,72,6,0
2,3,99,15,0
1,7,20,17,0
12,4,80,15,0
17,4,24,4,1
13,7,55,17,1
4,5,92,9,1
10,1,45,9,0
5,7,57,1,1
22,3,50,18,0
22,4,32,7,0
16,5,64,19,1
14,3,67,6,1
10,3,3,13,0
2,2,22,3,0
20,2,48,14,0
13,4,73,9,1
23,6,54,14,1
16,1,39,16,0
22,7,97,16,1
23,7,21,15,0
10,3,97,9,0
17,4,14,18,1
1,1,29,11,1
8,4,16,14,1
4,5,70,10,0
10,3,71,4,0
21,7,38,3,0
15,1,93,8,0
13,7,65,16,1
2,3,34,18,1
5,3,81,17,1
0,3,97,0,0
13,7,71,15,1
20,3,66,17,1
6,2,82,0,1
10,5,15,7,0
15,5,71,17,1
16,3,58,16,0
22,3,41,4,1
5,1,61,17,1
17,7,69,20,0
6,5,60,5,1
17,3,43,14,0
0,4,51,18,1
2,3,82,5,0
4,2,26,10,0
17,7,93,9,0
18,7,19,1,0
22,2,9,17,0
13,1,6,11,0
2,7,29,13,0
10,3,56,9,1
18,4,57,6,1
4,3,71,4,0
6,4,29,13,0
16,7,57,6,0
21,4,46,8,1
0,4,86,0,0
10,6,75,7,1
9,3,46,20,0
19,7,23,17,0
5,1,65,10,0
20,1,91,10,0
4,7,37,10,1
1,1,55,10,1
23,5,51,3,1
14,1,41,12,0
3,6,34,20,0
18,6,13,6,0
9,5,55,20,1
3,6,82,2,0
19,5,61,9,1
12,6,89,11,1
18,4,47,19,0
10,3,96,11,0
9,4,45,19,1
4,3,41,7,0
16,4,53,6,0
10,1,74,4,1
14,6,98,10,0
7,1,5,15,1
6,2,53,15,1
16,1,83,4,0
16,3,72,8,0
10,7,21,8,1
17,5,5,8,0
19,2,34,6,0
16,1,98,3,0
10,1,94,0,0
13,3,73,4,1
7,6,40,6,1
15,3,68,12,0
0,2,16,19,0
7,2,88,2,0
20,7,17,11,1
9,6,99,4,1
9,4,81,0,0
19,5,39,17,0
16,4,62,15,0
9,5,84,14,0
2,6,25,20,0
22,3,8,16,1
5,2,93,13,1
1,4,80,12,0
18,2,2,19,1
18,1,29,17,1
8,7,1,16,0
5,3,49,14,1
23,7,34,14,1
14,2,10,20,1
7,3,70,19,0
1,1,84,8,1
12,7,81,11,1
2,2,63,17,1
22,4,41,6,0
16,7,71,3,1
1,3,6,12,0
13,3,73,15,0
20,4,59,1,0
13,4,95,13,0
17,7,16,8,1
6,3,31,13,0
1,3,16,19,0
7,7,72,1,0
17,6,62,1,1
18,2,98,17,0
12,5,13,2,1
13,7,6,18,0
22,6,3,18,1
0,7,46,11,1
1,6,33,18,1
14,3,13,7,1
0,4,24,16,1
11,3,52,9,0
4,6,74,11,0
17,5,21,17,0
17,4,8,2,0
22,6,60,14,0
22,1,47,10,1
17,1,9,15,1
5,2,77,3,0
23,2,91,16,1
16,5,78,5,0
16,5,39,17,0
9,1,41,12,1
9,6,56,5,0
23,5,27,9,0
17,1,67,12,0
14,1,55,15,1
3,1,88,8,0
19,5,28,11,0
12,5,52,16,0
12,2,87,1,0
15,7,33,15,0
14,4,71,18,1
5,4,91,7,0
16,1,68,20,0
5,5,50,5,0
0,1,70,7,0
4,5,94,11,0
6,5,47,18,0
12,2,82,17,1
20,7,5,3,0
16,2,47,8,1
8,2,34,11,0
15,6,10,4,1
4,7,13,1,0
5,1,61,8,0
11,5,35,4,0
1,6,55,16,1
18,4,77,15,1
2,1,56,15,1
22,3,74,6,1
1,7,20,10,1
8,7,24,10,1
22,4,33,4,1
12,1,20,14,1
1,1,42,6,0
19,5,3,0,1
4,6,31,6,0
10,2,60,17,1
3,7,85,4,0
11,1,61,3,1
4,5,36,18,0
18,2,54,11,0
12,1,16,16,0
5,6,95,20,0
10,7,23,0,0
21,5,11,6,1
16,5,5,15,1
10,4,78,13,1
4,7,81,19,0
16,5,93,8,0
16,7,8,2,0
12,2,78,8,1
1,6,13,1,1
17,2,67,1,0
15,4,77,1,1
6,1,12,20,0
21,6,76,6,0
4,1,47,5,1
19,1,59,12,1
22,6,45,16,1
8,4,100,19,1
11,3,86,8,1
4,5,77,9,0
17,4,75,9,0
6,2,80,4,0
17,2,72,0,0
16,1,47,20,1
3,6,17,4,1
3,1,84,9,0
22,3,61,13,1
2,2,90,6,1
22,5,42,3,1
5,3,45,20,1
15,5,70,13,1
22,4,79,12,1
19,3,47,13,1
8,6,97,15,1
1,5,72,5,0
9,2,58,4,1
8,5,81,2,0
21,6,34,12,0
7,1,6,9,0
9,7,22,4,1
5,6,86,2,0
14,3,100,1,1
10,6,12,12,0
20,4,34,17,1
4,6,4,10,1
14,4,81,7,1
9,2,55,7,0
3,7,54,4,0
1,5,65,3,1
17,5,75,20,0
19,2,63,7,0
1,2,87,12,0
19,6,30,15,0
15,1,45,6,0
5,5,89,18,1
17,5,99,15,0
18,3,99,3,0
9,2,74,7,1
2,1,19,13,1
5,2,25,17,0
4,6,55,17,0
9,5,36,13,1
3,3,56,6,1
14,4,59,7,0
11,3,71,16,0
7,1,59,0,0
23,3,71,14,1
12,1,6,15,1
6,7,27,1,1
6,3,63,3,1
10,7,79,18,1
3,4,4,20,1
3,4,18,11,0
8,1,22,13,1
7,2,88,9,0
9,6,65,3,1
9,2,2,16,1
15,3,71,11,1
19,2,47,7,0
6,1,90,16,0
1,7,11,0,1
2,7,86,10,0
9,7,93,4,1
5,2,42,3,0
7,7,58,11,1
16,1,66,10,0
2,2,93,12,1
17,7,8,3,0
5,4,80,2,0
20,6,8,10,1
2,6,11,11,1
13,6,25,9,0
7,3,86,17,0
7,1,83,18,1
12,7,99,16,0
2,5,65,13,0
10,3,33,11,0
23,2,98,12,0
13,1,41,0,0
23,7,20,4,1
3,6,91,11,1
11,6,88,17,0
16,7,88,18,1
4,7,36,1,0
6,3,46,15,1
5,1,70,14,1
9,4,15,0,0
0,6,23,13,0
19,6,90,19,1
15,6,63,16,0
11,4,42,15,1
12,5,11,5,1
15,3,40,10,1
22,3,72,10,0
10,7,94,12,0
5,3,54,9,1
21,5,46,8,0
12,3,28,5,1
2,3,51,2,0
1,1,29,6,0
23,4,23,14,1
23,7,49,6,1
18,1,12,14,0
7,6,83,20,0
5,1,61,6,0
3,4,97,15,0
7,1,23,5,0
7,7,53,11,1
3,5,85,16,0
0,1,26,19,0
19,2,47,5,0
15,4,14,6,0
5,2,95,9,1
14,5,41,19,1
11,6,71,4,0
7,5,67,2,1
4,4,98,7,1
2,4,5,1,1
13,7,12,13,1
20,4,89,18,1
15,3,84,4,0
14,3,18,8,0
15,6,37,7,0
22,2,56,12,1
6,4,52,4,1
4,1,2,0,1
22,5,26,3,0
10,4,25,17,1
16,2,88,9,1
4,3,72,7,1
10,2,19,1,0
16,4,65,1,0
10,1,55,7,0
17,1,98,7,0
1,3,69,8,0
6,4,56,7,0
14,1,17,18,0
5,4,32,18,0
22,7,57,11,1
3,1,91,18,0
4,3,53,15,0
18,1,31,17,1
3,5,36,9,1
17,3,76,15,1
4,5,16,4,0
17,4,22,20,1
18,5,64,18,1
4,7,27,1,0
18,7,97,2,0
12,5,22,20,1
0,7,1,3,0
10,7,53,1,0
14,1,15,19,0
8,3,95,10,0
17,4,28,7,0
12,4,55,4,0
18,3,41,15,0
20,7,81,20,0
0,4,56,20,0
8,2,98,5,1
3,4,51,19,1
4,6,24,13,0
3,2,93,8,0
4,2,39,4,1
11,1,3,14,0
3,1,66,14,0
20,7,42,9,1
11,2,63,4,0
2,1,100,1,1
6,7,27,8,0
13,5,89,7,1
11,7,94,6,0
9,4,40,9,1
2,7,77,11,0
3,5,91,9,0
3,2,20,6,1
18,4,60,7,0
15,3,40,18,0
0,7,11,20,1
0,7,49,9,0
18,2,29,20,0
15,2,9,5,1
18,4,79,8,0
21,3,27,16,0
14,1,52,19,1
10,2,20,0,1
15,2,97,0,0
12,5,8,4,0
0,3,19,7,1
12,2,83,14,0
23,7,29,12,1
0,4,42,8,0
16,7,79,17,1
4,4,36,3,1
5,7,10,14,0
15,2,83,7,0
14,7,27,10,0
21,4,69,9,1
11,3,30,13,1
17,7,28,0,1
11,6,30,10,1
2,1,37,20,0
1,6,80,5,1
2,5,56,6,0
13,7,58,16,0
11,6,99,17,1
5,7,24,16,1
3,5,50,14,1
18,5,15,14,0
11,3,92,17,1
5,5,60,11,0
20,3,22,13,1
15,1,59,1,0
19,4,1,14,1
4,3,94,15,0
3,7,79,11,0
6,2,59,0,0
14,4,100,2,0
19,7,1,6,0
9,6,15,2,1
5,3,20,12,0
6,1,62,1,0
8,6,3,20,1
2,5,11,6,0
0,7,82,11,1
20,7,23,11,1
3,6,79,4,0
5,4,48,4,0
21,4,41,2,1
19,6,58,14,1
13,7,62,6,0
10,2,78,3,1
6,3,47,18,1
19,3,7,5,0
20,7,39,5,0
22,7,71,18,1
10,1,57,2,1
22,7,6,9,0
3,2,54,9,0
10,4,18,8,0
5,4,12,18,1
3,6,77,16,1
8,2,13,15,1
17,7,100,4,0
12,5,12,20,0
7,5,71,17,0
14,6,53,8,0
7,7,40,5,1
14,2,4,11,1
5,2,40,17,1
16,3,8,0,0
23,2,21,18,0
1,5,90,18,1
0,2,62,2,0
4,6,62,0,0
13,3,80,18,0
6,5,96,9,1
17,6,54,3,1
21,1,95,4,1
16,4,64,20,1
15,1,89,16,1
23,5,81,20,0
10,2,1,1,0
1,7,82,1,0
5,3,70,11,1
12,2,55,2,0
1,1,1,1,1
4,7,90,8,0
23,4,54,8,0
13,2,89,8,1
17,4,76,5,1
4,4,3,13,0
13,4,86,5,0
4,5,1,10,1
6,2,35,10,1
13,1,2,14,0
11,7,92,10,0
0,7,31,15,0
1,6,40,2,1
23,1,97,18,0
9,6,16,5,0
4,2,11,8,1
1,1,72,20,1
21,3,58,18,1
23,1,63,20,1
1,2,36,16,1
1,3,78,15,0
18,7,2,5,1
6,1,89,15,0
2,7,34,0,1
19,2,44,9,1
1,3,44,10,0
7,1,18,0,0
21,2,10,20,1
3,4,59,7,1
7,2,49,0,1
10,4,11,2,1
12,4,3,14,0
8,6,44,2,0
2,7,59,7,0
11,6,28,10,0
5,1,76,0,0
2,3,33,16,1
2,6,39,13,1
11,7,14,3,1
8,4,20,17,0
1,7,2,3,1
3,6,27,9,0
23,5,68,17,1
8,7,60,10,1
13,3,44,9,0
6,7,18,9,0
14,5,43,18,1
23,7,53,13,1
9,6,26,9,0
18,4,93,3,1
11,7,42,19,0
8,6,97,1,1
9,4,64,7,0
6,4,78,7,0
20,3,64,18,1
5,4,26,19,0
0,1,30,13,1
2,7,33,3,1
1,6,88,5,1
3,2,51,4,0
3,6,40,9,0
14,2,21,4,1
15,3,61,9,0
2,7,26,18,0
20,2,24,17,0
11,6,7,20,0
19,1,15,15,0
18,3,68,8,1
23,4,14,0,1
23,3,28,11,0
4,6,33,8,0
8,4,58,7,1
21,3,9,3,0
11,4,52,0,1
3,6,45,19,1
7,2,6,7,0
19,3,40,19,0
22,4,63,13,0
22,3,95,14,0
11,7,44,15,0
17,5,50,17,1
11,1,30,15,0
5,1,47,15,1
15,4,64,7,1
8,4,91,9,0
3,1,34,15,1
21,2,38,11,1
0,3,18,7,0
12,1,27,13,0
22,7,51,10,1
6,5,24,0,1
1,5,3,18,0
14,4,36,6,0
8,4,92,11,0
20,6,14,3,1
5,4,51,12,0
5,4,82,3,1
11,4,6,0,0
17,7,7,15,1
10,3,95,18,0
2,7,88,0,0
22,4,78,3,0
5,4,33,15,1
4,5,70,4,0
23,4,56,12,1
19,5,78,18,1
11,5,97,15,1
9,4,50,14,0
8,6,72,4,1
10,7,21,5,0
20,7,82,11,0
13,6,91,15,1
22,3,19,9,0
10,3,72,5,0
5,4,4,12,0
7,2,28,11,0
11,7,77,2,0
7,3,30,17,1
7,1,69,10,0
7,6,64,9,0
11,4,88,14,0
6,3,96,20,0
16,5,92,4,1
15,4,19,2,1
8,7,26,19,0
6,5,1,18,0
21,3,19,11,1
15,4,47,15,0
10,3,42,19,0
10,4,43,1,1
20,2,50,10,0
17,7,62,8,0
15,1,10,16,0
23,2,73,15,1
8,2,63,5,1
10,1,48,11,0
23,6,51,6,1
14,2,8,16,0
7,5,52,0,0
19,3,67,6,0
23,5,55,8,0
5,7,25,18,1
22,6,61,3,0
13,7,72,16,0
8,2,95,19,1
16,4,58,10,0
12,1,27,14,1
23,3,24,6,1
9,5,38,13,1
17,7,92,2,0
17,1,73,6,0
0,3,85,18,1
1,4,32,16,0
13,1,64,7,0
16,4,60,2,0
2,4,69,7,1
14,7,5,8,0
20,4,83,10,0
9,1,99,9,0
5,5,52,13,0
4,1,12,13,0
16,2,17,0,0
6,4,62,5,0
8,5,12,16,0
3,4,76,18,1
10,1,27,5,0
6,3,69,5,0
20,5,61,14,0
22,3,23,20,1
11,3,2,4,0
14,5,55,14,0
20,6,78,19,0
15,2,63,6,1
10,1,63,12,1
17,2,82,16,0
9,1,67,5,0
2,1,28,3,0
18,1,10,11,1
6,2,78,17,0
6,3,77,16,1
10,2,72,19,0
6,7,65,20,1
19,2,8,9,1
7,5,14,0,0
16,5,17,16,0
20,1,100,20,1
8,6,82,10,0
1,1,8,16,1
17,3,86,8,0
16,6,58,4,1
9,1,35,15,1
21,1,56,12,1
13,7,26,12,0
11,2,38,1,0
23,1,23,4,1
18,5,82,0,1
23,1,4,20,0
16,3,68,9,0
2,1,60,3,1
5,1,97,16,1
16,3,98,0,1
23,6,7,16,0
8,7,32,2,1
18,6,34,2,1
15,3,80,9,1
1,2,78,16,1
20,1,54,3,0
9,3,21,12,0
2,1,28,7,0
10,4,87,17,1
4,4,8,10,0
5,5,38,5,0
14,1,91,8,0
20,4,42,7,0
20,3,37,10,1
18,4,92,14,1
20,3,41,4,1
7,1,65,8,0
3,6,56,4,1
18,1,92,5,0
2,4,95,17,1
13,5,32,9,0
10,1,91,16,0
16,5,56,9,1
10,1,1,6,0
18,7,80,4,0
15,1,81,16,0
15,4,83,1,0
20,3,91,7,0
5,2,39,13,0
2,4,55,19,0
20,1,19,2,0
20,1,8,16,1
4,3,1,1,1
8,5,40,13,0
6,3,60,5,1
16,1,56,15,1
11,2,29,3,1
0,7,46,18,1
7,5,82,9,1
11,4,16,7,1
0,5,40,3,0
15,6,3,8,0
9,7,38,16,0
17,6,8,0,1
6,7,34,7,1
15,5,14,17,1
5,5,23,8,1
1,1,81,16,0
1,5,66,8,0
16,7,37,12,0
10,1,34,16,1
17,1,91,0,0
8,5,12,15,0
5,6,4,3,0
13,5,67,13,0
3,4,76,5,0
22,7,21,16,0
2,4,53,6,0
15,6,88,11,0
10,1,81,18,0
18,6,56,7,1
17,2,53,6,1
8,7,55,2,1
17,6,64,4,1
12,7,21,16,1
5,3,99,0,1
13,4,18,17,0
15,2,96,15,0
17,7,96,5,0
11,6,55,11,1
20,7,57,3,0
15,2,2,7,0
19,5,58,3,0
3,3,82,6,0
8,6,95,13,0
11,6,87,15,1
1,2,77,17,1
22,1,50,10,0
15,1,95,18,1
23,1,73,6,1
12,1,72,15,0
23,3,6,10,0
5,5,3,4,0
6,5,12,0,1
11,6,50,10,0
7,3,16,14,1
15,2,62,0,1
6,6,100,20,0
11,7,86,8,1
9,1,26,3,1
0,7,90,20,1
3,7,32,14,0
10,1,25,16,1
3,3,26,20,0
12,1,2,17,1
11,6,52,8,1
2,2,92,4,1
2,3,21,10,1
11,7,14,8,0
12,5,1,12,1
22,4,75,15,1
14,3,58,19,0
21,2,23,13,1
20,3,8,11,0
11,3,39,8,0
20,6,92,14,0
1,7,2,12,1
6,1,50,3,1
9,5,28,13,0
17,6,95,7,1
22,2,60,17,1
11,5,2,18,0
19,1,22,9,0
15,1,72,16,0
10,6,25,19,0
2,1,11,10,0
8,6,73,2,1
10,3,52,17,1
15,7,99,20,0
3,4,56,18,1
23,2,68,19,1
5,2,74,13,1
2,4,59,7,1
8,3,49,13,0
0,1,69,4,0
21,1,69,5,1
6,2,95,7,0
17,5,78,6,1
5,5,6,6,0
15,4,99,2,1
11,2,84,18,1
3,3,29,17,1
1,1,63,6,0
3,1,9,10,1
1,4,89,20,1
8,4,65,5,1
3,1,19,17,1
8,3,49,19,1
11,6,24,0,0
15,1,30,19,0
9,6,96,2,1
15,3,3,9,0
21,1,53,10,1
15,1,18,10,1
21,7,89,18,1
3,1,32,9,1
18,6,93,5,0
12,7,2,7,0
22,3,67,11,1
15,6,35,20,1
2,6,8,14,1
18,6,66,15,0
15,6,73,9,0
23,4,52,17,0
5,6,97,1,0
20,3,39,2,0
7,2,55,13,1
0,6,64,11,0
7,4,68,18,1
8,3,5,10,0
1,3,92,17,1
9,5,13,4,1
5,2,9,11,1
23,4,91,18,1
12,3,80,14,0
11,2,2,17,0
20,3,100,17,0
23,6,16,7,1
4,4,46,6,1
6,3,57,14,0
21,6,82,15,1
1,6,3,1,0
9,5,7,11,0
4,5,70,4,0
5,7,92,1,0
13,7,68,11,0
16,5,25,20,1
15,2,15,10,0
10,3,32,19,0
2,1,34,18,0
20,4,1,14,0
6,2,11,3,1
11,5,25,8,0
1,6,38,3,1
2,1,24,7,0
13,6,99,16,0
14,5,6,19,1
12,7,82,0,1
1,6,48,12,0
14,1,55,11,0
12,4,61,0,1
23,4,64,8,1
22,6,12,8,0
11,1,62,10,0
18,5,29,12,0
13,2,95,1,1
14,5,81,9,0
23,2,64,16,1
7,2,83,12,1
2,7,33,18,0
0,4,31,2,1
22,6,49,17,1
11,3,59,14,1
5,4,10,20,0
18,7,11,12,1
7,3,24,3,0
16,1,90,12,1
9,2,72,7,0
19,1,60,6,1
5,1,93,0,0
20,4,69,15,0
0,1,3,4,0
22,4,48,1,0
22,2,25,20,0
17,5,73,20,1
16,4,33,19,1
17,4,35,14,0
6,3,95,14,1
17,1,88,13,0
4,4,84,14,1
19,3,69,2,1
7,4,79,8,0
22,4,71,0,0
7,3,94,17,0
12,2,62,9,0
2,5,43,5,1
7,4,25,17,0
11,7,16,10,1
1,7,46,1,0
21,4,6,15,0
20,5,17,18,0
19,5,46,7,1
15,5,48,8,0
5,7,93,20,1
16,1,47,10,0
5,4,23,18,1
16,3,79,10,0
9,1,60,5,0
3,4,16,2,0
8,4,79,18,1
2,7,57,18,1
12,1,36,20,0
13,2,46,14,0
2,7,57,10,0
11,1,93,6,1
17,2,77,2,0
17,4,24,1,1
9,1,11,10,0
13,3,49,20,0
4,7,90,1,0
18,1,14,5,1
19,4,10,18,0
9,7,83,4,0
3,5,37,11,0
3,4,13,11,1
18,5,86,15,1
21,4,100,2,0
15,5,94,20,0
11,3,50,20,1
13,6,54,3,0
15,3,18,3,0
22,5,36,13,0
1,3,60,19,1
8,7,13,15,1
3,7,55,6,0
20,2,93,0,0
12,3,51,11,1
13,7,81,7,0
22,4,1,13,0
21,5,6,18,0
14,3,22,3,1
12,4,90,9,0
6,2,82,1,0
17,7,100,18,1
19,2,98,12,1
16,7,72,19,1
14,2,74,10,1
16,6,85,10,0
14,3,57,4,0
12,6,19,11,0
0,3,4,2,1
9,6,90,20,0
0,1,88,17,0
23,4,40,7,1
11,3,4,16,1
21,1,35,8,1
8,2,67,6,1
16,4,5,0,1
14,4,71,5,0
1,7,8,8,1
9,6,25,6,1
22,5,47,14,1
7,7,3,0,0
1,3,34,7,0
15,2,83,17,0
8,3,10,13,0
17,3,33,7,0
17,3,14,10,0
20,5,17,10,1
19,6,66,6,0
17,6,96,20,0
6,5,32,15,0
2,1,74,3,0
8,4,22,5,0
10,7,38,20,0
3,7,14,4,0
16,4,72,3,1
18,6,60,18,1
8,7,87,13,0
23,5,42,8,0
5,6,44,10,1
10,5,74,3,0
19,4,39,16,0
5,7,37,6,0
2,7,51,20,0
17,6,98,17,1
11,3,54,12,0
17,7,82,1,1
0,6,39,9,0
0,3,78,1,1
21,1,62,0,0
10,3,35,15,0
11,2,85,3,0
14,4,5,9,1
1,2,17,14,0
21,4,11,0,0
7,2,65,7,1
8,7,71,6,1
13,6,40,20,0
9,7,28,5,1
15,6,64,9,1
19,1,2,2,0
13,6,54,7,1
9,7,97,16,0
20,1,59,1,0
16,4,4,0,1
5,7,6,18,0
1,7,46,4,1
1,5,23,12,1
11,6,1,13,0
17,2,54,11,0
22,2,7,14,1
21,6,70,18,0
22,5,58,5,0
7,3,94,10,0
10,1,19,16,1
11,5,6,13,1
3,2,49,7,0
12,4,82,4,0
19,5,98,0,1
16,1,43,4,1
7,5,10,18,0
20,6,31,7,0
13,4,68,18,0
1,1,75,7,1
11,7,80,15,1
20,5,14,2,0
20,6,66,11,0
17,1,57,6,1
11,2,84,2,0
3,2,66,5,0
15,7,88,16,0
15,2,28,10,1
10,1,81,5,1
10,4,51,19,0
7,4,6,17,1
12,7,47,16,1
16,3,51,5,1
1,1,30,17,1
14,2,64,3,1
2,2,90,13,0
17,7,42,9,1
5,2,31,3,1
14,6,80,10,1
14,6,54,9,1
2,7,78,9,0
11,4,6,15,0
22,2,78,10,0
19,3,39,12,1
21,4,69,14,0
19,6,41,15,1
17,7,48,5,1
17,6,57,13,0
19,6,12,12,0
23,6,24,2,0
11,7,51,20,0
16,1,66,10,0
17,7,100,19,1
10,6,24,11,1
9,7,15,20,0
7,1,64,0,0
10,5,12,8,0
4,6,68,20,1
1,3,22,5,1
12,7,90,12,0
7,1,4,19,1
2,3,93,14,1
14,6,28,17,0
9,7,92,15,1
17,3,62,8,0
14,4,97,8,1
16,5,24,4,0
22,5,35,10,0
19,3,18,19,0
1,3,88,18,1
11,3,47,11,0
2,4,63,7,1
18,6,75,10,1
13,3,70,5,1
20,6,60,4,0
1,4,34,7,1
14,7,84,4,0
12,3,7,9,0
13,3,60,20,0
6,6,80,5,1
13,5,88,14,1
22,7,7,17,0
14,5,40,2,1
4,6,20,20,0
13,6,91,13,0
18,7,50,11,1
15,1,25,8,0
17,6,71,3,1
13,5,60,1,1
8,1,64,5,0
0,3,82,12,0
14,5,18,16,0
11,7,73,6,1
10,7,97,11,0
3,3,4,16,1
2,7,40,8,0
2,3,95,19,1
12,5,87,6,0
21,4,82,13,0
5,6,13,5,0
23,3,83,10,1
18,3,94,17,1
5,1,19,8,0
17,6,15,6,0
20,6,40,17,1
10,5,70,10,1
20,7,74,16,0
12,4,43,10,0
6,4,70,10,0
18,1,84,2,0
14,7,32,14,0
10,5,28,13,0
20,3,16,0,0
0,7,73,1,0
3,4,93,9,1
20,3,94,14,1
5,3,91,9,1
20,3,56,12,0
12,4,98,12,1
15,4,40,1,0
14,1,30,17,1
12,4,79,16,0
1,3,62,13,1
19,3,1,11,0
12,6,74,2,0
9,7,61,18,0
12,2,55,6,0
1,7,61,7,0
14,6,92,13,1
17,2,63,19,0
15,4,92,10,0
1,3,74,7,0
14,5,31,3,0
6,1,2,16,1
18,2,28,1,0
21,4,31,14,0
21,7,78,19,0
22,1,47,5,1
15,3,74,1,1
9,5,43,10,0
2,2,13,0,1
23,7,59,13,1
8,2,89,15,1
23,5,92,14,1
6,7,37,16,1
19,7,94,4,0
0,3,38,1,0
5,3,17,1,0
12,4,8,17,1
6,3,53,7,1
23,2,40,7,1
22,7,81,8,1
7,2,29,0,1
10,1,83,13,1
23,1,7,9,0
12,5,51,1,0
14,3,10,6,0
17,6,82,11,1
11,4,2,20,0
8,4,1,5,0
20,4,20,16,1
2,4,26,0,0
6,1,47,11,1
21,5,59,8,1
21,5,21,20,1
22,6,55,20,0
7,3,22,4,0
8,5,27,0,0
5,4,76,20,0
15,6,99,16,0
4,2,28,11,1
8,6,34,2,0
21,2,6,5,0
18,6,15,12,0
21,4,28,9,1
14,7,29,5,0
17,6,85,15,0
12,3,72,4,1
8,1,22,9,0
10,2,30,4,0
16,2,31,14,0
21,7,42,7,0
11,7,37,12,0
20,1,17,10,1
14,7,2,19,1
22,3,83,10,1
2,3,74,10,0
15,7,89,5,1
19,1,86,1,0
11,1,29,10,1
11,3,23,8,0
9,6,11,13,0
15,3,57,2,0
2,7,85,0,1
10,3,59,7,1
4,7,25,18,1
7,6,11,0,1
19,4,54,19,0
2,7,70,2,0
16,7,58,20,1
6,2,42,4,1
3,1,17,14,1
16,6,3,15,1
8,4,8,19,0
21,3,23,10,0
23,4,20,6,0
13,3,88,7,0
13,6,10,16,0
16,5,86,17,0
6,4,81,12,0
20,7,10,10,1
13,5,44,19,0
1,4,44,1,0
13,2,83,16,0
5,7,35,12,1
19,4,54,14,0
0,5,88,20,0
6,5,64,3,0
7,3,72,8,0
21,7,59,20,1
10,4,30,8,1
16,6,69,12,1
4,7,27,0,1
6,2,67,3,1
15,7,65,7,1
12,5,69,3,0
23,5,44,19,1
7,4,69,1,0
2,3,80,12,1
12,5,85,5,1
19,2,97,5,0
17,2,49,4,0
23,2,9,11,0
5,5,23,16,0
3,7,15,12,0
0,7,79,12,1
5,5,73,9,1
19,4,35,19,1
5,4,59,17,1
0,2,37,6,1
14,4,22,0,0
5,5,52,15,0
9,2,12,15,0
15,7,93,14,1
23,1,72,18,1
8,7,35,19,1
14,4,43,0,0
23,1,8,0,1
4,4,33,7,0
14,2,19,14,1
0,3,38,12,0
2,4,45,1,0
1,2,96,16,1
4,1,83,16,0
13,7,43,14,1
22,6,3,8,1
18,2,10,8,0
5,3,90,0,0
6,2,11,3,0
17,5,19,11,0
23,3,77,8,0
18,2,35,6,0
2,6,60,4,0
22,1,96,4,0
15,2,31,20,1
7,1,12,19,0
8,5,3,10,0
17,6,19,2,1
7,7,4,0,1
15,2,85,7,1
7,3,3,1,0
2,6,50,2,1
5,4,11,2,0
19,7,50,5,0
20,4,38,15,0
5,5,75,4,1
2,6,1,7,0
1,5,78,20,0
0,7,21,6,0
13,6,81,14,1
6,3,55,16,0
11,1,75,5,0
4,3,9,4,1
3,2,46,13,0
8,1,91,19,1
14,7,79,11,0
22,1,8,2,0
6,4,50,11,0
17,4,59,17,0
11,5,10,15,0
18,4,49,2,0
1,3,26,20,0
10,7,51,16,0
7,6,18,19,1
16,2,37,1,1
15,5,17,9,0
6,4,16,15,0
5,4,66,5,0
11,3,17,13,1
17,5,46,6,1
3,3,93,2,1
9,2,21,8,1
3,7,48,18,0
22,2,52,3,0
7,6,51,14,0
21,1,63,16,1
9,3,57,13,0
17,1,14,9,0
22,5,37,13,0
4,5,59,15,0
3,5,54,17,1
12,7,71,6,0
22,1,34,14,0
20,3,74,4,0
5,5,99,18,1
22,3,63,10,0
18,2,100,18,1
12,6,60,0,1
16,4,71,6,0
17,5,8,0,0
11,6,18,0,0
9,1,61,12,0
1,4,41,4,0
11,1,78,16,1
22,2,11,3,1
2,3,57,19,1
19,2,20,0,0
4,7,11,10,1
20,6,36,7,0
0,7,33,12,1
10,1,54,12,0
7,5,1,16,0
17,2,65,4,1
15,5,23,18,1
7,6,8,19,1
6,6,24,3,1
2,4,93,19,0
20,6,13,12,1
14,1,50,16,0
3,6,95,10,1
14,2,62,3,1
5,4,73,4,0
5,6,16,6,0
6,2,80,16,1
7,3,97,9,1
5,4,55,17,1
11,3,58,17,0
13,5,14,8,0
18,2,42,11,0
1,3,87,12,0
11,3,57,9,0
7,6,36,18,1
18,1,38,17,0
22,1,57,5,0
0,3,30,16,0
19,4,82,8,0
23,7,58,20,0
6,1,71,7,0
2,7,47,8,1
19,5,81,11,0
15,6,43,15,1
4,3,46,1,1
7,5,3,2,0
10,7,42,4,0
16,4,90,7,0
23,2,81,18,0
0,4,22,0,1
0,7,71,11,0
21,3,58,4,0
5,6,88,4,0
10,4,73,5,1
11,6,90,12,0
23,6,48,14,1
22,7,6,6,0
21,3,44,19,1
16,2,53,8,0
14,3,61,9,0
15,6,5,4,1
8,5,66,16,0
3,6,72,7,0
22,5,62,16,0
10,3,13,8,0
1,7,65,11,1
5,5,63,2,1
0,5,93,20,0
7,3,25,5,0
7,5,74,5,1
19,3,83,4,1
0,4,39,10,1
10,6,55,20,1
16,6,27,19,0
20,2,69,2,0
11,3,43,16,0
13,6,99,5,0
22,7,16,2,1
15,2,81,6,0
15,4,48,16,1
10,4,34,10,1
5,4,58,10,0
20,3,3,13,1
13,1,79,8,1
7,6,89,19,1
15,1,17,18,1
4,3,94,13,0
11,7,55,16,1
10,7,98,19,0
20,7,73,0,1
22,3,84,15,0
11,5,43,0,1
13,6,60,20,1
19,2,13,20,1
2,7,23,20,0
10,7,58,6,0
1,4,55,10,0
5,2,73,10,0
1,4,85,14,1
21,6,87,12,0
0,2,88,20,1
0,7,57,20,1
6,6,70,17,1
17,7,61,8,1
12,3,91,14,1
14,1,33,4,0
4,7,4,20,1
6,4,97,0,0
19,6,90,3,1
5,2,76,16,0
17,7,47,8,0
10,5,20,12,0
7,3,32,14,1
6,2,30,12,0
11,6,10,9,0
0,5,1,2,0
17,2,97,18,0
12,4,33,17,0
19,2,86,4,1
21,6,18,18,1
16,4,18,6,0
22,4,38,4,0
19,3,58,6,0
23,4,8,12,0
4,7,97,0,0
13,1,50,7,0
19,5,39,4,1
3,5,32,7,1
20,5,19,11,0
15,5,93,19,1
17,3,81,12,0
5,3,97,14,1
8,7,49,15,0
20,6,99,15,0
15,5,73,18,1
11,2,32,14,1
22,1,71,14,1
1,4,14,19,0
2,5,43,2,0
21,6,18,4,1
21,1,91,18,1
15,4,81,14,1
5,7,16,0,1
7,5,40,20,1
21,2,97,4,1
0,2,49,18,1
16,1,12,20,0
12,7,13,4,0
6,5,82,16,1
1,2,51,14,0
16,1,96,11,0
6,2,87,1,0
16,2,47,5,0
19,5,2,3,0
23,7,2,19,1
8,1,41,10,1
4,1,11,10,0
0,2,97,4,1
6,4,19,5,1
23,7,63,17,1
8,3,68,3,1
14,2,49,7,1
7,7,45,14,1
13,7,9,10,1
14,1,83,3,1
12,1,48,11,1
6,7,3,20,0
20,7,59,9,0
3,1,2,0,0
2,2,93,6,0
9,6,67,19,0
4,5,86,14,0
17,6,42,20,0
23,3,86,14,1
9,5,29,3,0
3,1,13,15,1
4,1,95,2,1
13,4,88,20,1
9,4,52,2,1
14,3,55,15,1
16,2,49,20,1
4,6,2,5,1
12,7,37,1,1
9,7,51,16,0
14,3,13,9,0
18,4,83,8,1
10,2,30,16,1
13,3,69,14,0
11,6,19,11,1
12,6,76,7,1
17,1,82,13,1
22,6,98,18,1
11,4,63,16,0
12,4,78,16,0
20,5,60,18,0
11,1,75,19,0
13,7,86,1,0
1,1,58,9,0
10,4,55,6,0
20,2,65,10,1
0,1,39,8,1
11,1,61,2,1
13,2,87,9,0
2,6,60,7,0
22,1,3,3,1
18,2,73,6,0
9,1,79,18,0
4,2,88,15,0
20,2,24,3,1
5,3,59,12,1
19,4,56,20,1
9,1,86,20,0
20,3,69,2,1
16,1,32,20,0
14,6,61,7,1
15,1,51,12,1
3,7,12,19,0
18,2,53,5,0
15,4,59,4,1
18,2,50,13,0
19,2,91,14,0
12,3,38,14,0
21,4,47,19,1
13,7,8,14,0
13,4,87,16,1
10,2,42,8,0
14,1,15,10,1
12,7,68,4,0
4,3,86,20,0
19,4,87,12,1
11,3,57,20,1
4,1,100,11,1
0,3,81,3,0
23,3,21,4,1
18,4,25,12,1
11,6,56,12,1
2,4,37,10,0
6,3,92,18,0
9,5,96,3,1
10,4,55,6,0
15,4,81,2,0
7,4,42,3,0
15,2,37,19,0
6,5,41,17,0
6,3,98,7,0
6,3,24,0,1
5,1,54,2,0
7,7,96,12,0
18,5,80,9,0
16,7,44,5,0
20,5,55,3,0
7,7,96,10,0
19,4,63,14,1
15,1,8,2,0
9,4,27,5,0
4,7,53,0,1
5,3,44,14,0
10,2,78,19,0
7,2,50,19,0
9,3,38,1,1
19,6,92,10,0
13,4,82,7,1
10,2,56,10,0
22,6,84,9,0
17,7,22,19,0
10,7,57,4,0
10,3,83,14,1
17,7,54,0,1
12,3,45,10,1
8,6,89,8,0
22,1,49,5,0
15,4,41,5,0
8,6,16,2,0
14,5,72,2,1
19,2,97,9,0
1,4,89,6,1
7,3,90,7,1
1,5,55,10,0
8,1,18,20,1
22,4,10,3,0
11,5,78,9,1
5,1,17,12,1
23,7,53,16,0
13,1,65,3,0
14,3,74,10,1
11,5,76,13,0
16,3,8,19,1
15,3,21,2,1
4,7,57,16,0
1,1,52,4,1
20,2,8,1,0
16,6,54,16,0
6,6,19,6,0
22,6,4,3,1
20,7,64,11,1
13,3,52,9,0
17,7,24,3,1
9,7,65,16,1
23,7,61,15,0
0,4,29,8,1
0,4,38,2,0
17,6,84,14,1
13,7,69,0,1
5,3,30,2,1
11,5,70,18,1
19,1,96,1,1
21,4,37,1,0
15,7,94,2,1
2,4,12,0,1
11,3,31,8,1
3,2,64,4,1
19,2,60,13,1
11,2,34,13,0
20,6,94,11,1
2,6,4,7,0
13,7,52,8,0
14,7,40,3,0
21,2,26,1,0
20,4,10,18,1
12,4,5,5,1
6,5,65,14,1
7,3,42,13,0
13,5,23,7,1
19,1,56,9,0
5,3,58,20,0
6,1,37,12,1
23,3,49,3,1
11,4,55,1,1
10,5,6,10,0
8,7,73,9,1
16,3,62,1,1
6,5,5,12,1
0,3,14,5,1
11,4,79,12,0
15,2,40,10,0
13,5,5,13,1
20,3,10,1,0
19,7,49,12,1
21,3,62,3,1
5,5,1,0,0
2,7,22,0,0
13,6,37,10,0
21,4,33,2,1
20,3,85,1,0
21,3,60,2,1
7,6,69,18,1
11,4,98,14,1
15,4,42,19,0
17,5,60,13,0
8,2,9,1,1
22,5,68,15,0
8,7,49,11,0
9,2,80,11,0
13,2,85,16,0
7,3,46,9,1
5,7,39,6,0
20,7,32,8,0
21,6,35,12,0
12,3,79,3,0
18,6,57,9,1
7,4,5,20,1
14,5,47,20,1
5,2,13,20,1
20,3,21,20,0
16,2,49,20,1
22,4,53,20,1
3,5,13,19,1
13,2,41,14,1
23,3,83,13,1
18,5,91,16,1
20,7,90,9,1
3,3,78,6,1
0,7,54,3,0
2,5,74,14,0
5,6,92,15,1
8,5,48,17,0
2,6,90,18,1
20,7,23,9,0
14,5,46,13,1
20,1,31,3,1
16,7,69,16,1
18,6,10,13,1
17,4,97,9,1
2,2,78,12,1
21,2,56,9,1
12,7,99,16,1
9,3,65,0,1
10,4,77,3,0
21,7,85,12,1
8,4,50,17,1
0,3,32,7,1
9,3,86,16,0
5,6,67,9,0
3,3,28,6,0
11,6,26,18,0
0,5,62,10,0
1,4,64,10,1
23,1,89,10,0
2,1,44,3,1
14,4,12,12,0
8,7,36,12,1
9,7,21,10,0
4,7,63,16,0
16,1,49,3,0
7,1,33,12,0
1,2,26,17,0
8,7,57,2,0
12,3,83,20,0
2,5,27,12,1
14,1,50,8,1
19,6,100,20,0
20,5,22,16,1
20,5,3,12,1
6,5,98,11,1
3,2,11,4,1
2,3,34,18,0
10,6,1,6,0
5,7,42,14,0
9,6,45,2,0
8,2,23,5,1
14,1,42,16,0
23,7,77,11,0
4,4,63,19,1
8,7,61,14,0
12,5,80,4,1
17,1,70,12,1
14,2,43,6,0
8,4,71,16,0
12,3,45,18,1
4,1,53,13,1
22,2,50,15,1
9,6,40,9,1
12,7,60,7,0
12,7,94,20,0
5,2,44,5,0
6,3,9,17,0
11,4,97,17,1
17,1,94,18,1
3,2,9,11,1
18,2,28,6,1
19,1,54,7,1
14,3,47,2,0
11,6,98,14,1
17,2,21,14,1
4,5,52,1,0
2,4,79,13,1
5,6,78,19,1
21,7,61,14,0
4,6,66,7,1
9,4,34,0,1
2,1,40,0,0
16,6,61,12,0
20,6,20,16,1
12,4,74,10,1
3,7,43,3,0
19,4,5,0,1
18,5,56,6,1
1,6,75,7,1
5,5,9,16,0
3,2,67,2,1
4,3,45,7,1
13,7,89,9,1
0,2,2,6,0
4,5,13,15,0
15,7,24,7,0
6,7,91,2,1
21,6,14,9,0
23,3,72,6,1
5,3,21,7,1
19,1,26,6,0
11,2,63,4,1
22,3,82,3,0
10,4,63,7,1
17,3,77,0,0
2,3,67,14,0
17,4,41,7,1
21,7,50,18,1
4,3,21,6,1
11,6,26,10,0
9,4,4,10,1
16,1,58,18,0
10,2,81,3,1
23,2,29,20,1
21,6,98,18,1
1,3,66,8,0
16,5,31,1,0
4,6,91,3,0
1,2,70,0,0
9,7,3,10,1
18,3,82,19,1
7,3,13,3,0
22,6,49,15,0
0,1,68,12,1
5,1,100,13,1
8,5,45,7,0
13,2,59,17,1
2,7,57,10,1
7,7,65,2,1
12,2,94,13,1
19,1,70,20,0
6,1,51,13,0
20,1,49,7,1
18,3,76,13,0
12,6,31,6,0
17,5,86,13,1
14,3,28,7,0
17,6,87,12,0
19,7,95,3,1
20,6,27,5,0
8,4,53,14,0
9,6,74,1,0
2,7,57,16,1
19,1,1,10,0
9,6,48,19,0
9,5,32,13,1
16,3,90,6,1
8,4,67,9,0
4,5,37,9,0
1,7,23,3,0
21,6,46,9,1
14,5,45,4,0
7,6,51,11,1
13,7,37,16,0
4,6,79,14,0
14,4,42,8,0
15,4,73,13,1
5,3,87,4,1
18,5,44,10,0
21,2,17,16,0
6,3,40,6,1
4,2,9,17,0
16,2,88,18,1
22,2,39,19,1
5,6,33,5,1
18,3,86,19,1
13,5,22,20,0
13,2,69,19,1
11,1,73,9,1
19,7,57,17,1
3,1,33,12,1
4,3,46,6,0
23,5,74,10,1
22,6,60,3,0
11,2,69,13,0
6,7,37,9,1
23,7,67,14,0
3,3,67,13,1
0,1,56,9,0
5,5,84,9,1
1,2,41,9,1
15,1,52,20,1
14,1,41,18,1
21,4,55,19,0
18,3,31,5,1
22,3,91,13,0
14,4,15,10,0
15,3,90,11,0
7,1,11,6,1
6,1,76,18,0
4,4,74,9,1
6,3,100,16,1
12,1,83,9,1
22,3,5,6,0
10,3,51,1,0
7,6,22,6,0
7,3,51,17,0
6,3,78,11,1
22,3,5,3,0
4,3,59,6,0
21,5,20,11,0
1,1,4,4,0
2,2,47,19,0
16,5,81,1,0
7,3,77,10,1
20,3,91,16,0
23,2,27,4,0
20,4,96,11,0
13,2,55,4,0
9,6,79,11,0
17,6,75,1,1
13,4,8,8,1
4,3,66,14,0
6,4,39,8,1
23,6,96,20,0
9,5,33,6,1
12,3,45,7,1
16,6,74,5,0
10,3,14,1,0
12,4,59,8,0
22,5,82,9,1
10,4,31,0,1
20,1,84,3,0
10,6,62,9,0
18,7,22,19,0
2,7,95,13,1
8,3,93,12,1
18,1,40,1,1
9,5,96,0,0
22,2,81,0,0
0,5,34,9,0
15,6,47,3,1
14,3,77,2,0
10,1,24,5,1
23,5,67,5,1
0,7,100,0,1
1,2,5,5,1
12,4,67,15,0
18,4,28,18,0
19,4,85,20,0
13,3,37,3,1
5,3,77,12,0
14,1,82,20,0
1,3,70,3,1
1,4,52,20,0
17,7,38,14,1
7,4,62,8,0
13,1,35,17,0
23,3,87,17,0
19,6,9,7,0
16,2,78,5,1
5,1,77,9,1
12,4,84,17,1
14,4,24,14,1
1,7,9,12,1
0,1,10,4,1
0,2,68,2,0
9,6,39,15,1
10,1,64,7,0
14,5,91,20,1
23,7,100,10,0
15,5,53,5,1
1,3,47,6,1
21,2,87,8,0
20,2,28,8,0
4,6,50,16,0
22,2,81,9,1
7,4,100,12,1
15,2,47,13,1
17,2,38,9,1
10,6,10,16,0
8,5,13,12,0
1,3,23,4,0
1,6,5,14,0
8,4,71,7,1
20,2,66,4,1
13,1,20,18,1
19,5,33,12,0
12,6,34,13,0
1,5,1,0,0
1,2,22,7,0
20,3,32,9,1
14,6,12,10,0
16,3,56,5,0
23,1,25,0,1
11,5,3,5,1
16,4,66,0,0
22,3,51,2,0
16,3,36,8,0
14,1,34,17,0
3,5,51,6,0
19,4,73,15,1
4,4,98,13,0
5,3,18,9,1
20,7,82,0,0
16,5,64,17,0
17,6,27,19,1
22,4,14,13,1
1,5,45,8,0
4,7,72,6,1
14,2,34,4,1
9,3,60,0,0
12,7,68,20,0
3,6,9,5,1
9,1,98,7,1
9,7,88,13,1
16,5,1,19,1
14,3,75,14,0
17,5,98,5,0
17,6,65,19,1
14,3,78,3,1
12,1,89,3,1
0,5,83,12,1
16,3,46,7,1
4,1,86,4,0
10,3,64,3,0
3,3,14,2,1
23,7,69,20,1
4,1,56,6,1
1,7,64,3,1
1,5,4,2,1
7,2,92,7,0
1,2,68,4,0
18,6,7,1,0
13,1,10,3,0
8,3,46,19,0
13,4,38,8,1
12,2,70,0,0
9,4,25,19,0
20,6,75,8,0
6,3,95,17,1
22,4,57,13,1
20,6,92,4,0
15,2,76,13,0
15,3,27,17,1
15,3,30,3,1
12,2,58,19,0
11,3,93,13,1
9,1,80,2,1
5,2,14,11,1
12,7,82,15,0
20,3,47,5,0
4,7,28,7,1
20,6,8,20,1
5,4,91,17,0
16,2,32,6,1
23,5,77,13,0
13,7,42,4,1
8,5,81,4,0
16,3,71,9,1
21,2,53,3,1
8,3,22,18,0
5,6,42,16,1
7,1,99,6,0
8,1,31,5,0
2,5,77,12,1
11,7,67,5,1
2,2,58,14,0
13,1,59,0,0
7,1,59,7,0
16,5,21,7,0
9,7,50,3,0
16,1,45,3,1
11,2,44,6,0
20,3,91,7,1
13,7,37,12,0
10,6,74,2,1
1,2,47,0,0
7,4,4,17,1
15,5,89,12,0
13,6,30,6,0
8,7,69,4,1
0,4,12,20,1
23,2,30,11,0
3,3,69,13,1
19,1,98,15,0
15,5,30,7,1
17,2,27,20,0
15,3,6,19,1
6,2,60,19,1
4,3,94,18,1
13,7,50,16,0
6,5,57,11,1
16,4,16,18,0
13,5,60,0,1
23,4,34,1,1
9,6,68,17,0
19,4,41,19,0
11,5,60,2,0
18,1,7,8,1
22,1,82,0,0
17,6,65,0,0
21,1,77,18,1
15,3,94,1,1
21,5,43,11,1
22,1,54,14,1
2,7,87,2,0
7,1,51,8,1
20,6,39,8,1
20,3,50,5,1
0,3,98,11,1
23,2,7,1,1
19,1,33,13,0
20,4,100,1,0
9,2,15,1,1
6,3,38,8,0
17,7,23,1,1
3,7,47,5,0
5,2,93,20,1
19,6,33,7,1
19,2,17,3,0
5,7,61,12,0
16,1,40,11,0
9,6,51,11,1
17,6,68,18,0
17,7,88,11,1
9,2,26,13,1
22,5,49,8,1
13,5,49,3,0
9,6,45,12,1
11,5,21,13,0
7,3,44,13,1
10,3,39,9,0
6,2,34,16,0
5,4,41,1,0
21,5,3,17,1
20,6,87,18,1
6,7,32,1,1
10,2,87,6,0
6,7,15,20,1
15,3,9,8,1
0,6,11,13,0
15,3,97,17,0
6,3,99,4,1
9,3,81,3,1
22,7,84,17,1
19,1,64,13,0
16,3,57,0,1
11,7,72,11,0
4,6,28,5,0
10,4,12,9,0
17,2,53,12,0
15,1,94,3,0
6,4,11,19,1
23,6,6,19,1
15,3,80,8,0
15,6,60,12,1
12,5,14,6,1
17,1,35,10,0
11,1,64,18,1
21,1,47,11,0
10,1,92,2,0
23,7,88,7,0
17,2,4,1,1
22,6,96,13,0
13,3,45,3,1
1,1,23,11,1
14,2,36,17,1
19,3,48,1,1
2,5,64,6,0
10,7,78,13,1
12,6,62,18,1
0,7,41,15,0
3,4,80,15,1
8,4,80,17,1
22,3,90,4,0
19,4,96,7,1
8,2,77,9,1
16,6,42,7,0
23,6,45,5,1
19,1,36,7,0
22,7,12,1,1
7,5,55,13,1
8,7,4,3,0
9,1,20,0,0
20,2,85,7,0
7,5,75,2,0
6,6,35,2,1
16,1,95,17,0
23,3,82,19,1
4,3,68,7,0
16,5,27,4,0
14,2,70,0,1
6,5,20,18,0
17,6,75,14,1
12,6,74,0,0
6,4,60,16,0
3,3,45,5,0
22,4,39,12,0
0,1,95,16,0
23,4,100,2,0
15,3,66,14,0
4,3,7,5,1
16,7,51,0,1
0,7,35,17,1
5,3,76,2,0
8,7,14,17,0
21,7,57,1,0
20,3,31,19,1
11,4,34,2,0
19,5,47,5,1
10,6,74,12,1
19,5,28,8,0
18,3,58,20,0
5,4,74,19,1
22,3,97,11,0
7,6,91,10,0
5,6,81,18,1
19,7,38,3,1
0,6,67,10,0
13,2,1,11,0
3,4,72,17,0
20,6,27,13,0
17,5,43,11,0
23,2,58,9,0
8,4,72,15,1
2,6,46,3,0
16,6,41,9,1
2,4,61,14,1
13,6,10,19,1
22,6,19,4,1
15,1,1,8,1
19,6,83,0,1
2,2,41,8,0
18,6,32,8,1
23,7,36,15,1
18,4,100,13,0
14,5,69,10,1
0,4,19,8,1
7,6,36,14,1
2,7,35,13,0
2,7,1,6,1
21,5,23,10,1
7,1,24,8,0
3,4,42,6,0
18,5,43,6,1
20,4,81,14,1
7,7,19,5,0
16,1,60,0,1
13,3,8,8,0
16,1,32,10,0
4,7,83,6,0
6,7,78,3,0
21,4,77,13,1
19,2,47,8,0
7,1,48,14,0
9,7,40,4,0
22,5,49,2,1
22,4,53,0,0
13,1,56,4,1
14,3,64,17,0
8,7,29,20,0
18,7,93,7,0
14,6,69,3,0
15,6,91,13,1
12,2,99,15,1
9,7,23,14,1
21,2,56,7,1
16,5,99,13,0
1,2,50,20,0
12,5,75,0,1
14,2,76,3,0
14,1,46,2,0
8,2,5,5,1
13,3,90,18,1
14,4,33,20,1
19,5,52,8,1
8,3,8,12,0
10,4,57,15,1
4,5,21,11,0
19,3,31,8,0
22,7,20,16,1
11,7,3,0,1
4,7,12,14,0
9,5,27,6,0
19,3,20,8,0
22,6,52,3,1
4,7,77,9,1
7,7,36,0,1
4,3,70,19,0
6,3,19,5,1
19,4,69,12,1
2,4,64,16,1
21,2,29,17,1
20,1,88,7,1
3,3,95,16,0
8,3,52,15,1
8,4,73,19,0
2,6,48,1,0
11,4,52,17,1
10,5,85,13,0
19,4,29,20,0
3,2,15,4,0
8,2,14,1,1
13,6,36,8,0
9,6,46,6,1
14,3,74,5,0
18,3,80,0,1
9,3,38,16,1
12,2,30,9,0
1,1,90,14,1
23,5,92,3,1
23,7,1,13,0
16,7,43,1,1
16,5,29,9,1
5,7,29,16,0
15,2,5,1,1
4,7,16,16,0
16,2,86,12,0
22,2,52,3,0
1,3,22,20,1
0,7,23,6,0
14,3,67,4,1
11,5,8,14,1
12,6,71,16,1
18,4,22,5,1
3,1,48,5,1
21,6,49,19,1
23,3,19,1,0
3,4,20,9,1
14,4,85,0,0
3,1,23,10,0
7,7,60,7,1
17,6,66,16,1
10,4,28,19,1
16,1,32,3,1
18,1,43,9,0
21,6,19,6,1
0,5,51,10,0
7,4,87,15,0
3,2,49,1,0
13,1,43,1,1
15,5,42,19,0
18,1,38,8,1
3,7,57,1,1
22,2,45,14,1
5,6,79,9,1
4,6,36,0,0
15,6,9,20,1
8,5,12,1,0
5,4,49,7,0
22,3,37,9,0
2,1,88,12,1
15,5,95,7,0
4,3,96,4,0
4,7,44,18,0
12,6,51,18,0
22,1,19,6,1
17,3,27,16,0
7,3,37,4,0
1,6,60,8,1
1,4,66,17,1
23,4,17,14,0
8,4,15,13,0
0,1,46,17,0
13,7,70,7,1
2,7,73,8,1
15,3,9,5,1
20,5,57,5,0
17,7,46,6,0
19,7,71,10,0
16,6,7,18,0
21,5,33,18,1
9,7,80,13,0
3,2,86,6,0
3,7,32,10,1
20,3,55,8,0
20,2,3,13,1
7,3,91,6,0
13,1,85,8,1
12,1,39,9,0
18,6,96,14,1
0,4,80,9,1
2,5,41,0,0
0,5,68,14,0
22,5,65,11,1
11,2,26,4,1
20,6,2,12,1
6,1,42,7,1
13,6,93,10,1
5,1,33,5,1
2,2,27,16,1
4,5,62,5,0
1,6,61,7,1
18,5,96,3,0
8,3,52,10,0
4,3,95,3,0
12,4,32,14,1
8,4,55,1,0
0,6,4,18,0
22,7,1,14,0
4,4,39,3,1
5,7,42,7,1
22,6,12,12,1
1,3,81,11,0
9,5,93,13,0
22,4,28,8,0
2,3,35,12,1
16,6,65,3,0
7,2,17,19,1
16,6,90,14,1
16,7,44,11,1
15,3,56,15,1
1,6,5,9,0
13,3,44,11,0
15,2,42,15,1
7,1,79,20,1
17,1,2,14,0
14,1,65,4,1
4,7,78,10,0
15,5,84,15,0
9,1,12,16,1
21,2,42,2,0
15,2,79,7,0
1,6,45,9,1
1,7,20,1,1
20,4,62,2,0
9,1,15,15,0
22,3,71,9,0
20,3,80,1,0
1,5,32,7,1
10,2,17,6,1
8,3,27,18,1
4,7,74,2,0
17,2,4,7,0
6,2,3,16,0
2,3,100,20,1
15,6,84,9,1
19,6,56,15,1
9,2,96,16,0
16,5,83,12,1
10,5,58,3,0
2,3,19,14,1
4,6,23,7,0
10,4,87,4,0
0,2,70,16,0
14,4,91,9,1
3,5,58,17,1
16,7,28,0,0
4,3,77,9,1
1,4,89,3,1
5,6,67,6,1
5,2,7,14,0
15,4,63,18,1
4,6,47,20,0
0,7,28,1,0
0,7,1,11,0
4,5,74,8,0
4,1,1,1,0
1,1,35,9,1
7,6,18,3,1
9,2,9,1,0
16,4,27,16,1
0,3,60,3,0
14,4,5,9,1
12,3,37,5,0
3,4,39,5,1
10,3,70,2,0
14,1,17,18,0
18,2,38,10,0
16,6,30,1,0
10,6,40,17,1
7,7,3,19,1
10,6,59,5,0
19,5,42,19,0
9,7,5,18,1
16,6,47,4,1
23,4,88,5,1
17,6,80,9,1
20,3,20,11,1
19,4,87,4,1
13,3,38,0,0
6,3,13,8,0
5,5,53,3,0
5,5,65,15,0
4,6,69,7,0
22,2,40,6,0
23,2,17,18,1
7,5,31,5,1
8,1,99,16,0
12,7,29,0,0
21,1,51,0,1
11,6,67,14,1
11,2,91,0,0
9,3,25,6,0
8,4,75,3,0
21,7,87,15,1
2,4,38,11,1
11,2,5,2,1
8,2,27,15,0
2,5,17,4,1
12,7,8,9,0
11,4,85,8,0
0,1,35,10,0
20,3,14,1,0
7,6,31,15,0
0,5,24,18,1
2,5,65,10,0
5,1,50,11,0
16,3,38,1,1
22,7,51,1,1
12,5,87,5,0
15,4,56,10,1
0,7,80,20,1
19,2,62,11,1
22,4,38,17,0
9,6,6,14,1
0,6,8,19,1
2,2,59,17,1
19,4,95,19,1
1,5,54,9,0
9,5,41,12,1
11,5,4,16,1
21,5,68,19,1
9,4,100,8,0
19,4,82,18,1
7,3,90,19,0
12,1,13,6,1
18,2,6,18,0
7,1,28,19,0
14,7,91,8,0
14,4,78,10,0
23,2,9,19,1
5,4,72,11,1
11,4,15,13,1
11,2,1,14,0
19,5,24,17,0
20,6,37,13,1
13,1,11,9,0
15,5,8,7,1
8,6,31,20,1
12,7,66,9,0
21,5,20,5,1
19,2,36,2,0
6,4,81,12,0
13,3,58,9,1
10,5,56,11,0
21,2,96,6,1
13,3,97,8,0
1,4,4,7,0
10,2,37,13,0
5,3,30,12,1
1,6,16,1,0
13,4,31,5,0
1,4,60,8,1
12,7,82,18,1
1,2,74,4,0
1,6,83,4,1
10,2,55,15,1
8,6,59,0,1
1,4,28,15,0
20,6,90,15,1
22,7,7,13,1
22,2,87,14,0
21,5,65,14,0
3,5,82,3,0
1,4,93,12,1
14,1,50,14,0
8,2,21,0,1
3,5,95,9,0
3,1,7,1,1
4,1,23,16,1
23,6,18,15,1
5,2,94,19,1
15,3,28,13,0
16,3,52,2,1
11,2,16,5,0
9,1,57,10,0
12,7,34,14,1
16,3,16,17,0
21,3,29,13,1
6,6,84,19,1
22,5,66,12,0
20,7,87,0,1
16,2,31,13,0
1,3,16,11,0
18,7,42,14,1
18,3,40,3,0
15,6,2,11,1
3,6,62,16,1
0,1,12,7,0
3,7,74,17,1
10,1,96,9,1
18,3,36,17,1
4,3,79,18,0
3,1,30,11,0
0,2,5,10,1
13,2,12,7,0
2,1,12,15,1
9,5,16,11,0
23,6,83,3,0
18,1,25,11,1
15,7,80,4,0
3,2,43,12,1
22,6,7,1,0
3,7,68,2,0
12,3,30,14,1
16,7,57,18,1
5,3,97,13,0
10,2,10,12,1
11,4,31,6,1
5,4,40,14,0
3,2,37,13,0
20,7,75,2,1
13,3,99,19,0
10,1,98,2,0
0,2,69,11,1
16,2,77,4,0
17,4,98,6,1
22,7,4,14,0
9,2,86,8,0
21,1,78,10,1
6,1,44,17,1
16,3,31,14,0
11,2,83,8,1
17,5,5,3,0
9,7,7,7,0
2,7,54,2,0
16,3,42,11,1
20,3,98,19,0
17,1,45,3,1
18,7,93,12,1
22,2,33,9,0
23,7,63,4,0
23,2,25,16,0
8,4,64,7,1
19,6,33,6,0
9,4,35,9,0
4,3,53,8,0
16,3,5,10,0
1,4,18,16,0
14,5,92,4,0
0,2,19,11,0
5,6,98,14,1
7,6,82,19,0
21,5,81,7,1
9,7,62,15,1
6,4,13,11,0
10,7,50,10,1
9,6,94,14,1
15,7,84,8,1
2,1,92,20,1
9,7,23,1,1
14,7,80,11,1
12,3,20,8,1
10,3,29,15,1
22,1,82,19,0
21,4,69,3,0
14,5,73,17,0
13,2,61,10,0
9,2,37,8,1
1,2,96,19,0
7,6,30,10,0
19,2,49,10,0
21,3,24,17,1
11,6,14,6,1
21,4,6,0,1
18,1,25,4,1
4,6,27,16,1
11,6,44,19,0
19,2,40,10,1
17,3,48,20,0
1,3,70,18,1
9,6,16,6,1
13,6,32,3,0
2,3,22,10,0
23,2,45,5,1
20,4,12,3,0
18,2,47,7,0
4,1,95,18,0
14,1,96,19,1
20,2,53,13,0
23,1,17,17,0
3,1,97,20,0
10,4,38,9,1
10,6,54,5,1
5,4,71,20,0
14,2,1,18,0
23,2,89,3,0
20,4,58,18,0
7,2,93,19,0
9,2,59,16,0
2,4,60,7,0
0,4,93,3,0
21,7,69,20,1
1,3,15,7,0
7,4,15,10,0
7,3,39,2,0
18,7,80,1,1
7,2,72,17,1
7,3,49,4,1
8,4,20,5,1
19,7,47,11,1
17,4,69,0,1
4,7,90,13,1
10,5,30,10,1
4,5,29,10,0
7,3,19,19,0
13,1,35,19,1
8,7,15,8,0
5,3,87,2,1
3,2,94,15,0
12,4,57,12,0
20,4,22,20,0
3,2,24,19,0
11,7,61,9,0
3,6,2,5,1
8,1,39,12,0
12,3,73,2,0
18,7,98,20,1
20,6,91,7,0
3,7,69,9,0
0,6,85,12,0
4,3,35,17,0
11,3,24,7,0
3,4,21,6,1
19,4,51,14,0
21,2,100,11,1
4,4,51,9,0
17,3,52,18,1
5,3,74,1,1
2,3,49,18,0
17,7,72,4,0
9,6,19,8,1
13,6,46,20,0
21,1,38,8,1
17,3,81,0,0
9,1,34,19,1
19,2,85,15,1
15,6,48,14,1
16,1,6,19,1
9,1,48,19,0
0,6,53,19,1
14,6,64,13,0
16,5,17,7,1
23,4,14,17,0
3,7,30,16,1
17,3,59,2,1
10,2,18,11,0
22,1,72,18,1
9,3,70,20,1
4,1,90,4,0
5,4,4,16,0
1,7,95,11,0
9,3,8,10,1
15,6,14,14,0
4,3,25,3,1
1,5,29,6,0
22,5,96,6,1
0,5,45,19,1
11,4,45,17,1
14,5,63,14,0
8,1,46,2,0
19,1,65,0,0
16,1,53,4,1
0,4,61,0,0
19,5,8,17,1
6,6,2,9,0
5,1,77,1,1
13,5,16,4,1
20,1,21,15,0
22,2,83,5,1
16,2,50,9,0
4,7,88,8,0
2,4,82,6,0
23,6,53,19,1
8,6,67,4,0
1,1,13,12,1
22,2,55,18,0
17,6,62,14,0
20,2,91,13,0
3,1,75,13,0
2,6,33,18,0
18,7,93,18,1
3,3,39,16,1
4,5,87,2,1
20,1,21,1,0
2,5,9,12,1
1,7,91,12,0
7,6,43,15,0
4,4,35,11,1
3,2,90,19,0
20,3,47,2,0
4,7,70,3,1
10,2,32,3,1
2,5,87,10,1
0,1,2,14,1
5,7,33,2,0
2,3,40,13,0
17,5,87,11,0
21,3,61,4,1
12,7,73,9,0
1,7,28,16,1
12,5,84,2,1
22,5,1,2,0
9,1,22,19,0
21,7,45,19,1
20,1,75,18,1
22,6,74,8,1
10,1,98,11,0
23,5,61,6,0
15,1,2,11,0
17,3,55,20,0
18,3,38,5,1
10,1,15,17,0
12,2,80,17,0
15,5,11,10,0
7,4,10,19,0
16,4,9,19,1
1,3,83,4,1
2,2,56,7,1
19,1,89,9,0
23,5,10,16,1
17,6,17,10,1
1,6,33,18,1
18,4,9,2,1
16,6,4,3,1
2,2,41,8,0
22,6,23,19,1
13,2,28,8,0
17,6,10,18,1
12,5,3,20,1
23,1,77,17,1
5,4,42,1,0
9,1,95,0,1
14,7,79,8,0
12,5,42,15,1
12,7,65,7,0
10,1,10,0,0
10,4,35,7,1
19,5,57,0,0
15,6,79,0,1
8,2,92,16,1
8,2,66,10,0
20,1,52,19,0
8,7,35,6,1
13,2,94,17,1
9,3,52,7,0
9,4,54,6,1
5,7,73,13,0
10,4,28,5,1
10,1,18,8,0
7,2,75,19,1
10,2,40,3,0
23,1,32,19,0
14,5,100,4,1
5,5,65,20,0
5,1,52,2,0
14,3,29,11,0
5,7,31,16,0
4,3,5,7,0
4,1,8,15,0
22,3,78,7,0
17,1,72,10,0
2,3,93,18,1
6,6,70,1,1
14,1,40,5,1
1,5,5,1,1
1,7,32,17,1
3,7,66,8,0
22,1,29,14,1
1,3,35,14,1
17,3,85,6,1
13,6,89,1,1
19,6,57,6,0
1,3,14,1,1
21,7,7,9,1
3,7,55,17,0
11,5,87,5,0
10,3,82,15,0
9,5,71,20,1
16,2,92,8,1
5,6,38,5,1
3,7,51,12,0
14,5,8,5,1
16,3,44,1,1
18,1,22,13,1
5,7,13,18,1
6,7,9,13,1
13,4,22,12,1
4,7,10,19,1
17,2,9,19,1
15,3,92,3,0
21,6,5,13,1
14,5,83,17,1
0,7,81,1,0
4,4,18,13,1
14,6,82,0,0
17,1,58,7,0
4,6,62,5,0
14,3,1,8,0
18,4,1,19,1
0,5,19,12,1
17,6,56,17,1
20,1,91,14,1
7,4,96,13,0
18,4,33,10,0
14,4,10,20,0
17,3,4,6,0
9,7,40,2,0
6,2,99,2,1
23,6,73,18,0
18,6,5,15,0
5,6,33,6,0
1,6,5,12,1
18,1,59,14,1
8,1,15,0,1
14,5,64,0,0
7,3,70,14,1
4,3,94,6,0
8,2,17,6,1
3,1,2,7,1
20,5,74,5,1
20,6,20,4,0
5,2,90,15,0
17,5,26,12,0
12,7,68,14,1
21,6,21,4,0
11,6,66,7,1
3,7,97,8,0
13,2,48,11,1
23,5,5,5,0
10,4,75,2,0
13,4,85,1,1
17,6,3,1,1
17,6,99,13,1
3,6,87,9,1
6,7,90,9,0
23,3,82,6,1
2,5,32,7,0
14,4,46,18,1
16,1,91,6,0
3,6,3,10,1
14,7,61,9,0
23,6,53,2,1
1,4,31,6,1
5,6,69,2,1
18,5,18,4,0
11,1,85,8,0
0,7,39,0,0
9,1,58,18,1
0,4,26,17,0
11,7,54,16,0
9,4,74,6,1
7,7,28,19,1
3,6,21,15,0
4,4,63,0,1
4,2,2,18,0
18,4,48,13,0
10,4,31,17,0
6,6,61,8,1
23,3,95,10,1
21,4,90,5,1
7,7,74,11,0
13,1,94,6,0
1,4,43,1,1
14,1,40,0,0
0,3,69,1,1
9,5,47,2,0
12,1,68,5,1
11,3,38,17,0
9,6,19,7,0
3,3,92,20,0
8,4,21,16,0
12,7,15,11,0
13,5,9,17,0
23,5,21,20,0
3,3,77,16,1
20,5,77,17,1
9,6,15,3,0
1,3,9,14,1
19,1,21,1,1
22,3,70,18,1
3,1,51,5,0
16,1,18,3,1
14,7,74,1,0
21,3,43,3,0
7,3,51,18,0
15,5,51,4,0
14,7,97,0,1
11,2,68,1,0
6,6,69,18,0
6,2,79,15,0
10,4,63,0,1
22,3,76,0,0
2,7,72,2,1
8,7,41,5,1
10,5,67,1,1
13,3,31,15,0
18,6,85,4,1
17,1,86,15,1
19,5,3,15,1
16,4,43,14,0
18,5,37,18,0
23,6,14,2,1
7,6,36,2,0
9,6,87,8,1
1,7,14,14,1
10,6,20,14,1
16,3,28,15,1
2,5,28,0,1
16,6,25,8,0
17,1,66,6,0
18,5,69,8,0
12,4,58,16,0
11,6,68,0,0
12,4,88,15,0
4,2,33,5,1
17,1,56,13,1
19,7,70,6,1
2,4,97,12,1
1,5,5,17,1
1,7,62,15,1
2,1,53,8,0
6,4,14,17,1
11,3,25,11,0
4,7,65,9,1
6,7,27,18,1
18,3,92,14,0
14,7,65,2,0
21,6,84,3,1
1,6,19,4,0
7,5,100,19,0
15,2,15,7,0
7,1,43,3,0
3,2,50,4,1
21,4,6,17,0
15,4,76,18,0
19,5,97,7,1
9,6,66,13,1
18,6,38,13,0
0,1,85,16,1
2,1,49,14,0
2,4,75,6,0
11,2,10,6,1
6,5,13,17,1
9,1,80,2,1
7,5,31,0,1
16,3,12,11,0
8,3,86,20,1
7,4,11,18,0
3,2,30,12,1
1,2,51,10,1
5,6,23,5,1
0,1,94,20,1
9,1,86,13,1
8,1,66,9,0
7,5,2,6,0
23,5,49,18,1
15,7,6,16,1
8,3,12,10,0
21,4,90,15,1
19,6,21,19,0
23,4,14,11,1
6,1,5,0,1
15,4,95,6,0
4,7,48,3,0
18,6,21,2,0
13,1,56,11,1
15,4,64,3,0
12,3,75,18,1
2,2,7,0,1
13,6,36,18,1
4,1,30,13,1
6,1,96,19,0
12,5,23,13,0
11,7,3,19,1
11,7,16,17,0
3,3,41,4,1
16,3,54,3,1
6,5,20,14,1
16,2,82,11,0
22,3,69,18,1
5,7,15,6,0
9,6,35,0,0
5,6,80,0,1
14,3,84,18,1
5,6,54,16,0
0,5,60,13,0
20,1,46,17,0
9,6,24,2,0
2,5,53,10,0
16,2,17,4,1
23,4,29,12,0
8,2,74,4,1
21,1,7,11,0
21,1,84,2,0
11,5,54,2,0
10,4,49,10,0
1,5,2,14,1
4,6,91,11,0
14,2,25,1,1
4,1,66,0,0
9,1,72,20,1
0,6,21,12,0
18,7,43,15,1
1,7,49,8,0
19,7,22,8,1
16,3,44,11,0
0,2,92,12,0
23,5,95,9,0
3,4,45,3,1
18,7,21,8,1
15,4,51,11,1
6,5,31,2,0
15,6,1,4,0
16,7,70,3,0
8,3,65,15,1
19,5,74,11,0
4,6,13,17,1
21,7,57,9,1
8,5,10,2,1
7,4,100,4,1
3,6,30,10,0
14,4,92,12,0
17,3,64,7,0
16,6,93,2,1
12,5,35,18,1
22,5,76,20,1
22,3,98,7,0
7,3,8,15,1
15,5,10,5,1
9,5,67,13,0
22,2,53,7,1
10,3,83,8,1
23,4,93,14,1
12,3,90,9,1
14,7,88,7,0
11,3,21,17,1
7,3,80,6,0
21,3,78,17,0
11,2,87,5,0
11,7,67,17,0
19,1,71,12,0
2,6,28,19,1
5,4,19,17,0
1,1,59,1,0
14,4,28,13,1
6,7,90,15,0
17,6,92,8,1
2,1,6,12,1
18,7,79,11,1
9,7,10,20,0
6,2,9,6,0
16,1,99,12,0
10,5,84,10,0
12,7,76,3,0
0,5,39,2,0
7,3,43,6,0
1,6,6,0,1
9,2,56,3,1
20,1,74,19,0
14,3,26,11,1
8,6,87,6,1
1,1,58,13,1
19,4,83,8,0
17,4,68,15,0
14,7,10,13,1
3,4,72,13,1
4,5,69,19,0
0,7,7,10,0
13,1,34,10,0
10,2,22,19,0
10,6,91,1,1
4,6,71,3,0
16,2,7,3,1
18,6,30,13,0
19,3,64,11,1
10,7,21,17,0
13,5,25,20,1
12,5,16,10,1
11,7,40,20,0
10,6,15,5,1
17,4,72,8,0
19,4,7,9,1
11,3,97,15,1
1,1,92,3,0
11,4,16,18,0
12,4,29,8,0
19,5,49,9,1
8,4,67,15,1
8,1,87,5,0
8,5,3,7,1
2,2,18,11,1
5,2,5,4,0
17,4,45,15,0
9,2,63,2,1
17,7,20,15,0
18,6,95,18,0
22,5,40,19,0
3,1,20,4,1
6,7,7,8,0
6,7,64,16,0
6,2,49,11,0
5,5,36,4,1
23,4,66,3,0
18,6,61,10,1
18,7,44,13,0
13,6,92,18,0
10,3,28,20,1
0,3,94,13,1
0,6,75,19,1
1,5,98,9,1
10,2,25,8,0
4,4,72,8,1
12,1,16,17,0
4,1,29,3,1
7,5,79,17,0
17,7,1,4,1
6,5,77,2,0
7,6,41,3,0
22,4,32,8,1
18,6,79,15,1
4,7,46,19,1
20,5,2,2,0
14,5,68,0,1
3,4,2,6,1
18,6,29,10,1
21,5,6,15,1
4,4,54,18,0
21,3,93,16,1
15,1,55,16,1
23,4,25,19,1
15,3,26,1,0
16,3,95,19,1
3,4,56,1,1
10,5,44,9,0
5,4,13,9,0
19,7,75,9,1
10,1,45,12,0
14,4,46,6,1
0,4,73,15,1
23,3,40,18,0
16,1,100,17,0
20,1,43,3,1
22,2,36,10,0
19,7,32,14,0
21,2,77,9,0
8,1,98,5,1
17,7,30,14,0
20,7,94,19,1
5,4,56,8,1
0,4,10,5,1
14,1,91,14,0
20,5,27,15,0
12,5,7,18,1
14,4,96,7,0
6,3,10,0,1
8,2,64,12,1
21,2,98,9,1
17,6,60,17,0
13,3,44,9,0
1,7,4,19,1
13,5,65,10,1
0,5,45,2,0
8,6,39,10,1
4,1,75,18,1
21,3,8,17,1
1,5,64,6,0
3,5,90,9,1
6,6,72,11,1
20,3,95,8,0
17,2,54,13,0
22,1,83,6,1
3,6,33,15,0
9,6,36,7,1
9,5,82,16,1
23,6,75,7,0
18,2,88,5,0
19,4,26,14,0
5,4,44,15,1
20,6,24,10,0
9,5,31,12,1
14,4,89,10,0
12,3,98,14,1
8,1,98,13,0
8,3,91,9,1
18,3,56,2,1
16,4,65,19,0
4,3,39,0,1
2,7,55,11,1
18,5,81,2,0
23,3,17,7,1
11,2,80,11,0
10,1,90,20,1
14,5,23,11,1
2,5,17,7,1
8,3,17,18,1
9,6,41,9,1
20,6,58,16,0
21,6,43,0,1
17,3,13,12,1
15,1,61,19,1
10,3,78,15,1
5,2,30,12,1
0,5,24,6,1
11,7,57,3,0
4,1,88,4,0
4,6,39,12,1
5,1,78,10,0
22,5,17,2,0
13,7,2,9,0
21,7,28,9,0
0,7,47,6,1
13,1,75,3,1
18,1,32,6,0
23,2,44,11,1
21,4,95,15,1
19,1,6,11,0
16,5,65,17,0
6,3,67,17,1
23,5,92,18,1
12,1,9,19,0
2,1,73,4,1
8,7,59,7,1
9,3,24,2,1
12,1,22,4,0
16,6,75,13,0
2,5,77,9,0
13,3,55,10,0
2,4,29,5,1
15,7,86,13,1
3,4,27,3,0
7,2,56,11,0
4,7,90,19,1
22,4,2,9,1
22,1,85,14,1
16,7,74,19,1
16,6,36,4,1
2,2,100,11,1
23,6,80,17,0
7,1,59,9,0
8,2,93,12,0
5,3,3,4,0
21,2,38,11,0
2,5,41,15,1
16,6,81,0,0
7,4,61,6,1
17,1,29,4,0
19,4,21,10,1
20,5,91,13,0
1,2,47,16,0
8,5,6,10,1
22,5,86,20,0
19,2,36,12,0
1,2,72,11,0
14,3,70,1,0
18,2,85,14,0
16,4,100,15,0
21,4,10,15,0
19,5,19,9,1
20,6,80,7,0
2,7,32,10,1
14,3,58,11,0
2,7,54,11,1
19,6,96,1,1
16,4,18,11,1
4,1,82,16,0
21,2,9,16,0
21,6,97,17,0
11,5,100,18,0
20,7,81,20,0
10,7,27,4,1
16,1,62,5,1
23,1,95,0,0
23,5,12,8,1
9,6,15,0,0
13,5,93,19,0
0,1,67,1,0
12,7,77,6,0
12,6,80,14,1
14,3,34,20,0
4,6,63,0,0
12,3,2,9,1
17,4,16,17,1
0,2,13,4,1
21,3,67,12,1
10,4,68,14,0
5,7,56,1,1
14,7,56,2,0
21,4,99,10,0
2,5,39,4,1
18,1,55,6,1
0,5,89,3,1
10,6,20,11,0
2,1,12,10,1
16,4,70,0,0
4,1,50,15,1
11,7,89,2,0
12,2,3,1,1
2,6,59,3,1
11,3,30,2,0
0,5,66,7,0
5,6,53,2,1
21,1,14,14,1
20,5,54,20,1
18,3,57,3,0
3,4,84,20,0
17,1,39,4,1
11,1,80,7,1
7,4,96,13,1
23,5,83,10,1
10,3,41,18,0
9,3,81,18,0
21,3,10,18,1
7,2,5,5,0
8,5,4,15,1
12,4,100,7,0
14,3,25,14,1
0,5,41,15,1
11,3,41,15,0
15,7,77,6,1
13,6,31,9,0
20,4,4,9,0
22,7,30,13,0
11,1,56,11,0
4,6,84,14,0
19,4,28,20,1
3,3,82,10,0
22,7,49,13,0
2,1,10,7,1
23,7,64,7,0
23,4,70,13,1
17,3,60,8,0
6,6,9,2,0
18,4,92,6,0
23,3,40,12,0
0,4,85,1,0
16,1,87,13,1
17,7,60,12,1
2,7,2,2,1
17,3,85,3,0
23,4,22,6,0
2,4,31,16,0
15,6,62,10,0
9,3,99,1,0
5,2,97,3,0
21,7,22,11,1
22,6,82,11,0
23,4,23,2,1
14,3,73,5,0
2,1,83,14,0
22,7,12,18,0
20,4,84,8,1
21,4,94,0,1
8,2,53,20,0
12,7,18,4,0
14,3,60,7,0
20,5,43,17,0
23,4,86,4,1
19,7,48,11,1
10,3,11,11,0
11,2,60,9,1
0,1,67,8,0
18,1,65,20,0
21,6,28,6,0
7,2,53,19,0
14,1,63,10,1
7,7,26,17,1
13,1,50,1,1
11,4,70,2,1
6,6,84,19,1
21,1,23,1,1
1,6,61,2,0
6,1,58,3,1
20,1,62,14,0
14,2,61,19,0
22,6,90,16,1
16,5,44,1,0
12,5,42,15,0
17,3,25,4,0
2,3,27,12,1
2,3,46,4,1
17,2,18,15,0
18,3,23,9,1
20,6,33,14,0
5,7,100,0,1
3,4,88,10,1
7,2,38,5,0
6,3,56,10,0
19,4,43,11,1
7,2,84,5,0
14,4,33,1,0
11,3,99,1,0
22,4,79,12,1
4,3,68,20,1
6,3,74,13,0
1,5,28,19,1
14,6,34,2,0
12,3,82,3,1
6,5,47,3,1
23,1,60,0,1
2,2,77,3,1
11,4,29,15,1
22,5,14,7,0
5,5,60,5,0
0,7,4,17,1
7,5,13,8,0
16,5,63,13,0
18,6,66,13,0
11,4,36,13,1
18,5,21,11,0
14,7,9,1,0
6,7,12,15,0
23,4,30,1,1
0,6,78,17,0
1,6,64,14,1
8,5,20,7,1
17,3,87,1,1
6,6,9,10,0
3,3,10,4,0
11,5,72,14,0
20,6,46,3,0
14,7,35,16,0
14,3,86,12,0
0,2,9,19,1
13,2,42,11,0
8,5,22,7,0
0,2,35,15,1
0,6,40,20,1
9,7,43,14,1
17,4,49,10,1
20,7,96,17,1
5,5,82,2,0
5,2,49,20,0
10,5,75,10,1
2,3,42,15,0
9,4,76,9,1
18,1,5,20,0
23,7,70,3,1
6,4,86,8,0
14,5,23,10,1
11,6,19,9,0
3,2,68,15,0
4,2,81,5,0
21,3,53,1,1
7,4,10,1,1
16,7,98,11,0
15,4,78,2,0
13,5,23,13,1
22,7,29,20,1
20,3,22,5,1
8,3,87,3,1
15,5,17,15,0
6,7,34,6,0
13,7,54,10,1
23,4,42,3,1
22,1,93,6,0
7,7,48,11,0
19,3,93,14,0
20,5,100,16,1
16,2,44,3,1
14,3,89,8,0
20,5,38,9,0
2,1,85,19,1
8,2,45,8,1
12,6,49,2,1
10,3,43,4,1
15,1,86,1,0
12,1,2,1,1
15,4,48,20,1
13,6,66,20,0
19,2,72,8,1
12,3,12,4,0
16,5,14,17,1
4,2,15,15,1
15,4,45,19,1
4,5,77,1,0
15,5,95,20,0
16,6,64,0,1
13,6,57,9,1
23,6,81,20,1
1,7,58,3,0
10,6,1,20,0
9,1,73,20,0
0,6,88,0,0
16,2,66,0,1
14,3,23,9,0
12,7,12,4,1
13,4,61,1,0
13,1,8,3,0
10,3,4,12,1
7,5,57,4,1
9,2,27,1,0
19,2,70,12,1
13,5,32,11,0
18,2,20,2,0
2,6,4,20,1
4,5,56,11,0
19,2,84,9,0
15,7,70,0,0
18,5,23,20,0
16,6,81,9,0
18,1,37,15,1
14,3,69,8,1
21,3,40,9,1
5,6,54,5,0
3,2,95,17,1
0,6,41,5,1
7,2,30,15,0
11,1,26,9,0
7,5,95,12,1
7,6,61,2,1
22,6,17,10,0
5,1,28,4,1
7,3,37,14,1
5,4,81,12,0
8,3,28,4,0
3,3,82,8,1
7,4,98,19,1
5,4,72,14,0
18,5,49,1,0
20,3,7,16,0
0,5,68,11,1
18,5,22,18,0
1,3,47,16,0
18,4,86,9,0
1,3,97,16,0
3,1,24,19,1
21,2,25,2,1
12,7,3,15,0
13,7,23,4,0
10,7,80,14,1
15,6,33,6,1
17,1,83,16,1
15,6,44,13,0
12,7,89,20,1
20,6,29,3,1
18,6,65,7,0
3,5,43,18,1
7,7,45,9,0
7,2,50,20,0
10,7,13,4,1
10,1,3,7,1
20,3,39,12,1
21,3,27,0,1
21,5,61,15,0
18,4,89,14,0
1,7,3,0,1
7,4,54,9,1
22,3,8,11,1
12,3,86,16,0
9,6,37,11,0
21,6,70,7,1
7,4,4,8,1
3,5,57,1,0
15,4,75,6,0
14,3,3,15,1
16,3,1,9,0
17,1,49,3,1
18,6,79,16,0
22,2,14,20,0
7,1,28,11,0
1,4,27,8,0
1,1,78,4,0
4,1,16,13,1
20,1,57,19,1
16,7,3,18,1
12,5,80,2,1
11,3,84,8,1
18,3,3,7,0
6,2,65,7,1
7,5,59,9,1
15,6,82,13,1
20,5,19,11,1
6,3,94,9,1
22,2,77,11,0
23,2,24,7,0
2,2,49,1,1
6,3,79,8,0
15,6,10,15,0
19,2,80,18,1
22,1,37,20,1
3,5,24,3,0
4,6,92,5,1
16,3,11,6,0
5,7,91,3,1
20,7,84,16,0
18,3,65,0,1
9,4,43,0,1
2,1,28,17,1
6,3,4,10,1
15,4,79,4,1
10,4,48,14,1
21,1,32,11,1
22,2,33,14,0
19,3,47,6,1
0,4,9,1,0
23,1,13,7,1
9,3,19,8,1
18,7,39,8,1
11,6,66,5,1
19,4,92,18,0
20,5,7,11,0
22,5,52,7,1
12,5,5,14,0
0,1,79,0,1
8,6,54,8,0
19,2,7,18,1
18,1,52,16,1
4,7,81,16,1
19,2,14,2,1
14,5,79,11,0
18,7,1,6,0
6,4,82,12,0
20,6,31,16,1
12,5,15,16,0
19,3,97,2,1
18,7,20,1,0
7,7,58,18,1
9,5,43,8,1
3,1,12,12,1
8,1,36,13,0
16,3,90,0,0
14,3,37,11,0
12,2,66,14,1
0,1,70,10,1
6,1,9,0,1
6,2,22,2,1
8,4,57,2,1
16,7,52,6,0
1,1,71,16,1
3,2,45,11,1
18,2,59,11,0
15,1,4,10,1
8,6,75,17,0
12,4,7,17,1
3,1,20,4,0
21,7,38,5,0
23,4,71,11,0
15,2,51,5,1
19,3,17,19,1
12,7,87,14,1
18,6,46,20,1
18,6,26,20,0
2,3,36,1,1
1,5,82,5,1
4,2,46,12,0
1,5,9,15,1
20,2,68,11,1
11,5,56,18,1
11,4,41,9,1
19,2,60,18,1
22,4,66,5,1
11,2,73,20,1
0,4,91,18,1
4,4,51,15,1
8,6,28,17,0
5,6,18,7,1
21,3,3,6,0
1,1,93,0,0
12,3,45,11,1
17,2,53,9,0
22,6,71,3,1
18,5,6,13,0
3,4,77,1,1
4,4,69,3,0
19,2,64,11,0
4,1,35,16,1
15,1,40,20,1
9,4,77,6,0
4,2,99,14,1
10,1,38,18,1
21,6,65,9,0
19,6,56,16,0
0,1,7,6,0
2,6,53,7,0
2,4,5,8,1
15,4,32,5,1
0,4,13,1,0
5,5,35,3,1
22,5,83,1,0
3,7,46,9,0
6,3,60,11,1
9,7,38,8,0
2,7,8,13,1
22,1,83,14,0
1,4,92,9,0
1,2,71,7,0
13,5,59,20,1
10,5,70,14,0
0,1,58,14,1
8,7,92,1,0
12,5,8,8,0
18,5,99,1,0
13,5,85,16,0
21,6,31,2,0
0,2,66,10,1
19,7,25,4,0
2,5,17,0,1
23,1,49,13,0
21,1,66,12,0
3,3,99,11,0
5,4,81,11,0
23,2,97,3,1
18,4,34,2,0
1,7,6,0,1
20,1,38,19,0
15,4,41,11,1
10,1,27,0,1
23,1,27,4,1
21,6,54,15,0
17,5,21,20,0
3,4,8,12,0
13,6,34,1,0
9,4,21,18,0
1,3,82,8,1
15,4,37,16,0
14,4,52,12,0
9,2,67,7,0
8,4,85,1,0
17,1,13,8,1
21,1,89,3,1
2,2,61,15,0
1,1,82,18,1
7,4,34,11,1
11,5,55,16,1
19,1,47,7,1
11,1,27,5,0
9,3,41,6,0
3,4,5,0,1
0,6,63,2,0
22,4,92,14,1
19,3,6,2,0
17,4,71,16,0
7,6,100,5,0
8,3,79,3,1
11,6,64,4,0
14,3,10,17,1
4,5,80,15,0
21,6,74,15,1
9,7,8,18,1
6,6,41,17,1
15,3,61,10,0
11,4,3,20,0
3,7,53,15,1
18,1,69,13,0
10,6,29,10,0
7,6,50,5,1
9,3,48,2,0
23,3,86,13,1
5,2,64,8,1
1,5,83,7,0
20,1,1,6,1
6,7,50,11,1
6,3,24,6,0
4,1,1,8,1
13,4,62,0,0
15,4,95,8,0
12,2,91,20,0
22,5,60,15,0
22,5,6,16,0
15,6,7,20,0
14,1,64,9,1
2,1,12,3,0
22,5,62,12,1
17,1,86,10,1
16,4,22,16,1
13,2,58,0,1
6,7,9,0,0
17,5,14,6,1
15,4,56,0,0
0,7,14,5,0
8,1,19,15,0
0,6,32,18,1
22,4,28,5,1
0,5,34,12,0
23,7,54,10,1
17,7,92,14,1
23,1,41,9,0
7,6,20,6,1
4,3,2,15,1
4,5,96,20,1
20,1,100,20,1
6,7,7,3,0
10,7,66,20,0
12,1,8,18,1
2,6,65,9,1
15,4,34,10,0
8,2,15,17,0
1,4,45,3,0
13,1,13,12,0
1,3,79,17,0
15,6,31,15,1
14,4,76,8,0
14,2,82,16,1
14,1,1,1,0
4,7,12,20,0
17,5,99,19,0
9,7,66,18,1
12,2,16,9,1
1,1,92,10,0
4,5,8,15,1
5,3,46,1,1
20,6,26,11,0
20,7,73,19,0
9,2,64,12,0
9,1,7,13,0
6,3,51,14,1
8,6,92,17,0
12,2,61,17,1
22,3,74,4,1
2,5,33,16,1
14,4,21,6,1
7,5,71,13,0
21,6,84,12,0
4,4,93,18,0
0,2,50,17,1
4,3,42,2,1
21,1,73,19,0
17,5,31,18,0
20,7,37,12,1
12,3,77,0,1
7,2,21,20,0
7,5,1,2,0
2,6,90,19,0
3,7,53,8,0
12,3,93,12,1
8,1,75,16,0
15,1,35,14,1
4,7,20,8,1
23,6,26,13,1
12,6,5,15,1
18,7,17,3,1
17,4,41,19,1
19,2,79,13,0
17,6,62,15,0
21,3,60,7,0
10,6,17,16,1
17,2,67,16,1
22,5,35,12,0
22,7,73,8,1
1,5,76,6,0
16,1,57,3,1
20,1,71,1,0
1,4,63,7,1
14,3,5,11,0
15,5,10,8,1
19,4,61,14,1
3,3,18,0,0
0,7,71,16,1
18,7,66,16,1
9,7,15,6,0
22,1,49,8,1
7,3,62,0,0
3,6,3,17,0
14,6,66,7,0
21,1,38,16,1
7,7,25,9,0
10,1,97,14,0
7,2,28,14,0
15,5,73,20,1
6,1,31,2,1
18,1,27,11,0
11,1,21,17,0
6,5,45,12,1
23,4,23,15,0
1,3,59,12,0
16,7,90,8,0
7,7,26,13,0
12,6,3,8,0
18,7,98,11,0
2,3,54,0,0
2,7,85,13,0
18,2,69,15,0
2,4,5,0,0
18,4,67,12,0
16,3,54,3,0
18,3,46,14,1
18,3,33,2,0
4,7,92,5,0
16,2,51,13,0
18,7,10,12,0
1,4,5,11,0
14,7,30,20,1
16,3,39,3,1
9,4,97,1,0
7,1,97,18,0
13,7,9,13,0
10,3,3,4,0
16,4,84,12,0
15,6,30,17,1
4,2,24,15,1
21,7,75,12,1
14,7,48,20,1
6,7,84,20,1
15,7,76,4,0
16,5,11,17,1
2,5,68,5,1
16,2,43,0,0
18,2,90,17,1
13,4,70,10,0
0,6,86,17,1
10,5,9,8,1
14,6,10,1,1
2,1,45,13,1
21,3,79,5,0
22,5,93,13,0
14,1,6,14,0
13,7,96,20,1
9,7,98,2,0
11,1,94,0,0
18,5,11,6,0
0,6,89,6,0
12,3,84,11,1
23,3,35,0,1
18,6,7,1,0
6,1,53,2,1
0,1,2,5,1
1,7,67,5,1
23,3,80,7,0
1,7,86,10,1
17,1,90,17,0
11,2,15,12,0
16,4,91,19,1
3,2,54,3,0
4,5,34,6,1
17,5,47,16,0
20,5,85,12,1
2,7,97,18,0
17,5,53,15,1
0,4,43,12,0
11,5,65,6,1
13,6,15,20,1
18,4,56,5,1
13,3,20,1,0
10,4,15,3,0
0,4,25,2,0
2,7,44,1,0
5,6,64,0,1
3,7,98,4,1
5,1,75,12,1
6,2,89,8,1
9,4,26,6,0
8,6,24,2,0
19,5,39,15,0
0,4,73,1,1
7,5,75,3,0
22,1,30,19,1
17,3,54,3,1
13,1,59,14,0
10,3,13,20,0
14,4,46,8,1
10,7,91,12,0
19,5,19,17,0
9,2,4,4,0
0,3,30,5,1
18,3,95,16,0
17,3,27,8,0
5,6,92,16,1
9,2,13,14,1
15,1,85,5,0
2,7,31,20,0
16,6,56,11,0
17,1,97,4,1
7,2,24,20,1
9,3,63,16,0
10,3,4,1,0
1,2,36,11,0
15,2,39,5,0
21,3,68,20,1
14,6,77,12,1
14,1,89,12,0
19,6,76,14,1
13,3,94,8,0
15,3,41,2,1
12,4,100,8,0
9,3,84,19,1
4,6,86,7,0
14,3,64,3,1
4,3,36,5,1
2,3,63,3,0
15,7,28,20,0
9,1,18,3,0
5,2,64,6,0
22,7,93,16,1
22,6,20,9,0
15,5,49,6,0
4,7,20,12,1
0,5,56,0,1
9,3,32,3,0
7,2,61,0,1
19,6,46,19,1
5,1,66,2,0
14,6,70,8,1
0,4,67,15,1
18,3,96,17,0
23,7,94,0,0
7,2,44,18,0
3,2,74,12,1
0,1,8,14,0
3,5,44,17,0
14,7,51,14,0
3,3,56,19,0
15,2,50,18,0
12,3,90,17,0
12,3,46,4,1
20,1,23,5,0
22,5,32,2,0
11,5,10,1,1
14,1,72,14,1
5,3,64,17,0
10,7,11,17,0
16,4,39,14,0
1,6,92,13,0
10,3,19,9,1
11,6,61,1,0
12,6,51,9,0
8,2,6,12,1
3,5,100,3,0
1,6,56,5,1
13,7,1,11,0
11,7,96,2,0
10,2,19,8,1
10,3,100,0,0
19,3,65,19,1
11,2,13,20,0
16,4,62,16,1
1,2,75,5,1
4,7,96,16,0
14,6,62,10,0
3,3,51,18,0
10,3,93,5,0
10,4,44,19,1
16,5,87,7,1
7,5,42,9,0
2,1,2,13,0
10,4,97,15,0
21,3,90,20,1
21,5,17,2,1
5,5,9,16,1
8,4,95,1,1
3,3,80,4,0
19,6,40,10,1
8,7,28,2,0
9,6,82,6,0
5,4,48,15,0
6,7,38,19,1
21,1,87,6,1
9,7,36,6,1
1,3,10,4,1
22,4,21,18,1
14,2,52,0,1
15,5,23,9,0
15,5,32,4,0
20,5,15,19,0
8,6,86,2,0
16,1,36,3,0
9,1,69,10,0
22,2,11,10,0
6,1,28,18,0
9,1,69,7,0
19,5,79,2,0
17,5,64,12,1
15,1,90,9,0
2,5,52,9,0
17,5,5,19,0
11,3,99,13,1
9,7,22,9,0
3,5,45,4,0
11,5,49,12,0
23,4,93,11,1
5,7,88,10,0
8,3,31,2,0
1,2,92,11,0
3,2,59,7,0
2,4,28,6,1
20,7,37,2,0
22,6,13,5,1
16,4,41,20,0
22,3,91,10,0
1,4,34,4,0
0,6,56,0,1
9,1,90,12,0
9,6,23,11,0
21,2,53,7,0
13,7,30,18,1
12,7,25,8,1
18,5,58,12,1
14,6,71,17,0
18,1,13,17,0
15,5,100,8,1
15,5,34,7,0
1,7,72,10,0
3,2,56,5,0
1,1,96,13,0
11,2,58,5,1
13,2,18,15,1
13,7,28,1,0
22,2,75,19,1
11,2,60,7,0
10,6,27,5,1
5,5,57,8,1
22,7,74,4,0
16,4,39,13,1
19,6,16,11,1
2,1,92,17,0
17,6,74,9,0
23,4,29,19,1
12,5,13,0,1
13,7,31,20,1
1,3,12,0,0
22,6,62,14,1
16,6,9,13,0
7,5,35,11,0
19,1,53,13,0
1,1,1,19,0
16,3,4,14,0
8,1,79,11,1
9,1,87,6,1
21,3,40,4,1
1,5,50,11,1
20,7,52,13,0
16,5,96,1,0
0,3,44,6,1
8,2,24,6,1
21,4,72,14,0
23,7,83,2,0
11,2,26,12,1
21,3,1,11,1
7,6,57,9,1
23,1,61,6,0
9,1,77,19,1
22,7,53,2,0
13,6,69,5,1
17,2,11,20,0
18,4,56,5,0
12,1,50,3,0
23,2,9,0,0
23,5,87,6,1
20,1,68,20,1
12,6,98,6,1
10,3,53,20,1
7,7,16,12,0
14,4,75,18,1
12,1,74,1,0
2,7,97,9,0
4,4,59,13,1
17,5,83,20,1
9,4,82,1,1
4,7,84,20,1
6,5,27,10,1
9,1,66,11,0
16,4,99,0,1
17,2,15,11,1
3,3,28,15,0
1,1,74,18,1
0,6,18,5,1
7,6,66,12,0
15,1,84,20,1
9,3,52,8,0
1,2,69,8,1
14,3,53,4,0
9,5,28,9,0
4,6,58,3,1
5,6,95,2,0
19,3,6,5,1
15,1,96,19,1
19,6,19,10,0
0,2,74,9,0
5,6,67,1,1
23,7,36,14,1
22,2,74,9,0
7,7,93,2,1
1,4,67,3,1
21,2,62,16,0
2,1,66,7,1
2,6,56,11,1
23,7,39,20,0
23,3,15,20,1
3,5,38,20,1
2,7,4,18,1
14,2,82,14,0
10,7,65,17,1
14,2,51,19,1
1,7,53,17,1
15,5,5,9,1
5,3,12,14,1
14,2,54,15,0
8,3,33,10,1
4,5,29,13,1
5,7,20,14,1
20,1,92,13,0
17,7,91,7,0
13,3,20,8,0
22,2,69,10,1
3,1,99,10,1
18,7,34,1,0
15,6,1,12,0
22,1,6,1,1
14,1,2,17,1
17,1,34,10,1
12,5,61,18,0
21,7,48,19,0
17,1,51,1,0
5,6,23,7,1
3,5,84,9,1
1,3,97,3,1
20,1,16,16,1
10,2,4,15,0
15,5,16,20,1
21,7,11,0,0
6,2,57,10,1
6,4,83,12,0
23,7,23,6,1
7,2,66,3,1
6,7,26,14,1
22,5,86,19,0
23,3,72,3,1
18,3,68,0,0
12,6,16,3,0
13,6,42,0,0
21,4,15,11,1
18,3,40,17,1
10,5,35,2,0
11,1,10,20,0
7,3,52,15,1
5,2,50,8,0
5,7,53,5,0
14,6,26,18,1
15,2,61,16,0
1,1,4,13,1
13,7,80,9,0
21,1,95,11,1
22,2,21,2,1
14,7,37,7,1
17,6,23,8,1
14,5,69,1,1
15,5,3,3,0
4,2,42,14,0
19,2,10,19,1
7,4,4,14,0
0,7,85,20,0
13,1,95,12,0
8,6,56,16,1
14,6,88,11,1
14,2,33,10,0
16,5,35,11,1
11,6,7,11,1
0,5,38,5,1
